달래된장국,취나물된장무침,금귤,요플레,총각김치,파프리카해물완자전,검정쌀밥구암,달래된장국,,3
제주감귤쥬스,배추김치,실곤약무침,상추겉절이,돼지수육,근대된장국,기장밥구암,,,2
톳두부무침,오렌지,깍두기,죽순버섯볶음,새우까스/케첩,조랭이떡국,옥수수밥,,,2
딸기,브로컬리/초고추장,닭감자볶음,배추김치,계란찜,북어국,쌀밥,,,3
순대,숙주나물,깍두기,만두탕수,참치김치찌개,흑미찹쌀밥,,,,2
꼬지어묵국,유기농포도쥬스,깍두기,미나리나물,도토리묵,오리불고기,꼬지어묵국,꽁보리밥,,2
이츠웰쥬스(능금감귤),절편,총각김치,시금치나물,닭봉떡조림,버섯전골,현미찹쌀밥,,,2
맑은콩나물국,쌀밥,방울토마토,배추김치,오이무침(무색),두부구이/양념장,고등어김치조림,맑은콩나물국,쌀밥,3
유부된장국,바이오거트,감자샐러드샌드위치,배추김치,유부된장국,날치알김치볶음밥,,,,2
쌀밥,딸기(여고),크로와상(청정원)/잼,콩나물맛살냉채,총각김치,쇠고기떡국(냉면기),,,,1
귤,배추김치,닭꼬지,카레라이스,부추달걀국,,,,,2
조갯살미역국,연근조림,머스터드소스,오리훈제야채무침,배추김치,겨울초겉절이,흑미찹쌀밥,,,3
깍두기,오징어두부국,아몬드후레이크/우유,참치김치볶음,닭다리알감자조림,쌀밥,,,,2
웨지감자구이/케첩,배추김치,단무지,다시마미소국,자장면,,,,,2
귤,시금치나물,북어계란국,깍두기,연두부/양념장,돈육김치볶음,쌀밥,,,2
참치야채비빔밥,방아멸치시락국,배추김치,바나나(손),인절미,방아멸치시락국,,,,2
김말이튀김,계란떡볶이,배추김치,오이무침,동태국,쌀밥,,,,3
단호박수제비국,방울토마토,초코우유,배추김치,오징어젓갈,함박스테이크,현미찹쌀밥,,,3
꽁보리밥,꼬지어묵국,도토리묵,오리불고기,깍두기,숙주나물,,,,2
쌀밥,맑은콩나물국,참나물,깍두기,닭다리구이,두부구이,맑은콩나물국,,,3
시레기된장국,초코머핀,요구르트(이오),배추김치,어린새송이버섯볶음,낙지볶음,시레기된장국,쌀밥,,2
무생채,배추김치,알감자조림,미트볼떡꼬지강정,대구매운탕,검정콩밥,,,,2
속배추겉절이,귤,쌀밥,깍두기,영계백숙마리,,,,,2
냉이된장국,배추김치,도마슈노플레인,검은깨올방개묵,양념꼬막,쌀밥,바나나(손),,,3
비름나물,부대찌개,깍두기,어묵송이버섯볶음,갈치구이/양념장,옥수수밥,,,,2
요구르트(이오),요구르트드레싱,토마토,오곡찐빵,깍두기,계란파국,갈비산적아채볶음밥,,,2
요구르트,쌈장,꽃게탕,멜론,배추김치,양배추,런천미트구이/케첩,꽃게탕,쌀밥,3
쌀밥,석박지,달래오이생채,김치전,홍게살크레볼/케첩,등뼈감자탕,,,,2
멸치김치찌개,닭야채볶음(떡),깍두기,삼치구이,차조밥,시금치나물,,,,2
한방떡,칼슘깻잎육전,베이컨감자채볶음,총각김치,물만두국,쌀밥,,,,2
오므라이스,유부된장국,케이준치킨샐러드,총각김치,오렌지,,,,,2
치즈케익,제주감귤쥬스,깍두기,조갯살무국,볶음김치/김가루/계란,,,,,2
맑은콩나물국,오,불고기떡볶음,깍두기,감자샐러드,애호박나물,맑은콩나물국,토마코펜라이스업밥,,3
퓨어(저지방),멸치볶음,배추김치,시금치땅콩무침,너비아니양파조림,버섯전골,현미찹쌀밥,,,3
근대된장국,딸기도넛,사과,배추김치,양배추,다시마쌈,깐쇼새우/칠리소스,흑미찹쌀밥,,2
배추김치,취나물된장무침,갑오징어야채무침,계란찜,굴두부국,쌀밥,,,,3
엔요,깍두기,함박스테이크,고구마맛탕,유부된장국,야채비빔밥,,,,2
초코머핀,오렌지,배추김치,쌈장,친환경모듬쌈,삼겹살버섯볶음,홍합무국,쌀밥,,2
호두과자,배추김치,너비아니버섯조림,갑오징어야채무침,건새우시금치국,쌀밥,요구르트,,,3
바이오거트,고구마케익,바나나(손),깍두기,잔치국수,,,,,1
배추김치,청포묵김가루무침,조기구이/양념장,콩나물무침,경단미역국,현미찹쌀밥,,,,2
달래된장국,키위,김구이(완제),배추김치,비엔나야채볶음,애호박전/양념간장,달래된장국,쌀밥,쁘띠젤,2
쥐취채무침,총각김치,표고돼지갈비찜,김가루계란말이,클로렐라쌀밥,맑은콩나물국,,,,2
낙지두부국,리쪼,배추김치,검은깨올방개묵,겨울초겉절이,고등어무조림,쌀밥,,,3
초코우유,사과,석박지,해물완자전,참치김치볶음,북어계란국,쌀밥,,,2
검은콩우유,오렌지,단호박전,배추김치,맑은조개살탕국,비빔밥,,,,2
상추겉절이,두부구이/양념장,왕찐만두/양념장,상추겉절이,배추김치,닭감자탕,옥수수밥,,,2
꼬지어묵국,닭감자볶음,아몬드후레이크/우유,깍두기,시금치나물,꼬지어묵국,흑미찹쌀밥,,,2
애느타리버섯볶음,배추김치,참나물미나리무침,오징어떡볶이,미더덕된장국,쌀밥,,,,3
딸기,우유,깍두기,브로컬리볶음밥,수제새우버거,,,,,1
쌀밥,애호박된장찌개,비엔나야채볶음,오징어젓갈,배추김치,감자채볶음,바나나(손),,,2
송편(인 개),비빔밥(취나물),문어두부국,계란후라이,배추김치,방울토마토,문어두부국,,,3
현미찹쌀밥,쑥국,오이무침(무색),돈육김치볶음,미역줄기볶음,딸기우유,깍두기,,,3
쌀밥,단호박수제비국,닭야채볶음(떡),시금치나물,배추김치,사과,딸기도넛,,,3
쌀밥,경단미역국,연근조림,겨울초겉절이,오리불고기,배추김치,,,,2
삼겹살김치볶음밥,냉이된장국,과일샐러드,배추김치,엔요,슈슈케익,,,,2
검정쌀밥구암,달래된장국,달래된장국,요플레,취나물된장무침,파프리카해물완자전,총각김치,금귤,,3
기장밥구암,근대된장국,돼지수육,상추겉절이,실곤약무침,배추김치,,,,2
옥수수밥,조랭이떡국,톳두부무침,죽순버섯볶음,새우까스/케첩,깍두기,오렌지,,,3
쌀밥,북어국,계란찜,브로컬리/초고추장,닭감자볶음,배추김치,딸기,,,3
흑미찹쌀밥,참치김치찌개,숙주나물,만두탕수,깍두기,순대,,,,2
꽁보리밥,꼬지어묵국,미나리나물,도토리묵,오리불고기,깍두기,유기농포도쥬스,,,2
현미찹쌀밥,버섯전골,시금치나물,닭봉떡조림,총각김치,절편,엔요,,,3
쌀밥,맑은콩나물국,고등어김치조림,두부구이/양념장,오이무침(무색),배추김치,방울토마토,,,3
우유,날치알김치볶음밥,감자샐러드샌드위치,유부된장국,유부된장국,배추김치,,,,3
쌀밥,쇠고기떡국(냉면기),콩나물맛살냉채,총각김치,크로와상(청정원)/잼,바나나(손),,,,2
카레라이스,부추달걀국,닭꼬지,배추김치,귤,,,,,2
쌀밥,북어계란국,연두부/양념장,시금치나물,돈육김치볶음,깍두기,귤,,,3
쌀밥,오징어두부국,닭다리알감자조림,참치김치볶음,깍두기,아몬드후레이크/우유,,,,3
자장면,다시마미소국,단무지,웨지감자구이/케첩,배추김치,,,,,2
현미찹쌀밥,연두부/양념장,총각김치,깐쇼새우/칠리소스,바나나(손),초코우유,어묵김치찌개,,,2
잔치국수,사과,깍두기,퓨어(저지방),치즈케익,,,,,2
쌀밥,꽃게탕,명태통살까스/사우전아일랜드,시금치나물,배추김치,오렌지,군고구마,,,2
쌀밥,방아멸치시락국,새송이버섯구이,참치김치볶음,깍두기,함박스테이크,함박스테이크소스,,,2
현미찹쌀밥,쑥국,표고돼지갈비찜,냉이초무침,배추김치,아삭이고추/쌈장,,,,3
쌀밥,애호박된장찌개,모듬잡채,계란장조림,콩나물무침(흰색),배추김치,,,,3
쌀밥,달래된장국,,비엔나야채볶음,애호박전/양념간장,배추김치,쁘띠젤,김구이(완제),,3
흑미찹쌀밥,멸치김치찌개,알감자조림,깍두기,방울토마토,계란떡볶이,김말이튀김,,,2
쌀밥,미더덕된장국,양배추,다시마쌈,배추김치,갈치구이/양념장,소시지어묵케첩조림,,,3
오곡밥,해물된장국,명태전(완제),파인애플,배추김치,팽이버섯볶음,미니메이플피칸파이,,,3
쌀밥,맑은콩나물국,,두부구이,참나물,닭다리구이,깍두기,,,3
참치야채비빔밥,식빵피자토스트,,방아멸치시락국,배추김치,바나나(손),,,,3
현미찹쌀밥,조갯살미역국,새송이불고기,오이무침(무색),상추/쌈장,배추김치,모닝빵/잼,,,2
쌀밥,순두부찌개,고등어자반구이,김치전,깍두기,양배추,다시마쌈,바나나(손),,3
돈육콩나물국밥(냉면기),부추생채,깍두기,계란빵,방울토마토,,,,,2
쌀밥,조랭이떡국,두루치기,시금치나물,배추김치,우유,방울토마토,,,2
오므라이스,함박스테이크소스,유부된장국,배추김치,파인애플,인절미,멸치볶음,,,2
쌀밥,꽃게탕,라볶이,감자샐러드,모닝빵/잼,총각김치,오렌지,,,2
쌀밥,쑥갓어묵국,삶은계란,바나나(손),황태갈비산적,깍두기,애호박나물,,,3
현미찹쌀밥,쇠고기미역국,궁중왕만두,콩나물무침(흰색),배추김치,갈치무조림,,,,3
보리찹쌀밥,시레기된장국,오리불고기,양배추,다시마쌈,실곤약무침,총각김치,무지개떡,,3
현미찹쌀밥,쑥갓어묵국,시금치나물,닭감자볶음,깍두기,아몬드후레이크/우유,,,,3
클로렐라쌀밥,조랭이떡국,안동찜닭,도토리묵무침,배추김치,상추/쌈장,금귤,,,2
뿌리채소밥,우동,깍두기,바나나(손),초코머핀,,,,,2
햄우엉야채볶음밥,계란파국,파크리카버섯채볶음,깍두기,방울토마토,크로와상(청정원)/잼,,,,3
차조밥,콩비지찌개,코다리강정/두반장,배추김치,사과,감자채볶음,시금치나물,,,2
쌀밥,애호박된장찌개,닭꼬지,멸치볶음,참치김치볶음,깍두기,,,,3
쌀밥,경단미역국,삼색소시지통구이/케첩,도토리묵무침,배추김치,절편(개),,,,2
흑미찹쌀밥,등뼈감자탕,버섯군만두(개),마늘쫑어묵볶음,배추김치,애호박나물,,,,3
쌀밥,근대된장국,돼지수육,상추/쌈장,양파와사비절임,배추김치,무말랭이무침,,,2
쌀밥,크로와상,김구이(완제),어묵볶음,배추김치,우유,햄구이,양상치, 치즈,2
날치알김치볶음밥,계란파국,깍두기,우유,치킨텐더야채크레페,바나나(손),,,,3
쌀밥,치즈케익,시레기된장국,돈나물무침,돈육김치볶음,총각김치,방울토마토,,,2
과일샐러드,단호박카레라이스,계란파국,배추김치,야채어묵조림,돌스위티오파인쥬스,,,,2
쌀밥,조갯살된장국,모듬잡채,계란장조림,콩나물무침(흰색),배추김치,,,,3
차조밥,동태국,너비아니야채조림,미역줄기볶음,배추김치,사과,팥송편,,,3
현미찹쌀밥,맑은콩나물국,돈육떡볶음,느타리피망볶음,배추김치,시금치나물,,,,3
굴소스해물볶음밥,계란파국,깍두기,깨찰빵,엔요,바나나(손),,,,2
쌀밥,해물된장국,닭다리구이,도라지오이무침,배추김치,오렌지,,,,2
돈육콩나물국밥(냉면기),부추생채,배추김치,바나나(손),단호박전,,,,,3
옥수수밥,애호박된장찌개,갈치무조림,만두탕수,가지나물,총각김치,,,,2
영양밥,꽃게탕,스팸야채볶음,깻잎지(완제),친환경모듬쌈,파인애플,우유,,,2
자장라이스,유부된장국,깍두기,단무지,인절미,바나나(손),,,,2
삼색나물사리,배추김치,현미찹쌀밥,참치김치찌개,치즈등심돈까스/데리소스,군고구마,우유,,,2
쌀밥,물만두국,오곡찐빵,찐두부/김치볶음,김구이(완제),깍두기,엔요,,,2
쌀밥,낙지두부국,고등어무조림,겨울초겉절이,검은깨올방개묵,배추김치,,,,3
쌀밥,애호박된장찌개,표고돼지갈비찜,상추겉절이,멸치볶음,배추김치,,,,3
차조밥,곰탕,삼치구이,김구이(완제),깍두기,우유,,,,2
조기구이/양념장,알감자조림,시금치나물,깍두기,현미찹쌀밥,멸치김치찌개,,,,3
닭갈비야채볶음밥,유부된장국,송편(인 개),깍두기,오렌지,,,,,2
쌀밥,북어계란국,연두부/양념장,시금치나물,돈육김치볶음,깍두기,귤,,,3
삼겹살김치볶음밥,냉이된장국,과일샐러드,배추김치,엔요,슈슈케익,,,,2
쌀밥,근대된장국,오향장육,상추/쌈장,양파와사비절임,배추김치,오렌지,,,3
현미찹쌀밥,단호박수제비국,오징어젓갈,함박스테이크,배추김치,초코우유,방울토마토,함박스테이크소스,,2
쌀밥,등뼈감자탕,달래오이생채,김치전,홍게살크레볼/케첩,석박지,,,,3
콩나물무침(흰색),쌀밥,동태국,계란떡볶이,김말이튀김,배추김치,멜론,,,3
현미찹쌀밥,버섯전골,시금치나물,닭봉떡조림,총각김치,엔요,절편,,,3
꽁보리밥,꼬지어묵국,도토리묵,숙주나물,오리불고기,깍두기,,,,3
쌀밥,맑은콩나물국,두부구이,참나물,닭다리구이,깍두기,요플레,,,3
현미찹쌀밥,맑은콩나물국,멸치아몬드볶음,낙지볶음,어린새송이버섯볶음,배추김치,,,,3
검정콩밥,대구매운탕,알감자조림,무생채,미트볼떡꼬지강정,배추김치,,,,3
쌀밥,영계백숙마리,속배추겉절이,깍두기,귤,,,,,2
쌀밥,냉이된장국,양념꼬막,검은깨올방개묵,배추김치,도마슈노플레인,바나나(손),,,2
옥수수밥,부대찌개,비름나물,어묵송이버섯볶음,갈치구이/양념장,깍두기,,,,3
갈비산적아채볶음밥,오곡찐빵,계란파국,깍두기,요구르트(이오),토마토,요구르트드레싱,,,2
쌀밥,물만두국,베이컨감자채볶음,칼슘깻잎육전,총각김치,한방떡,,,,2
오므라이스,유부된장국,케이준치킨샐러드,총각김치,오렌지,,,,,2
쌀밥,크로와상,김구이(완제),어묵볶음,배추김치,우유,햄구이,양상치, 치즈,3
잔치국수,치즈케익,깍두기,사과,퓨어(저지방),,,,,2
현미찹쌀밥,경단미역국,청포묵김가루무침,콩나물무침,조기구이/양념장,배추김치,참외,,,3
흑미찹쌀밥,딸기도넛,근대된장국,깐쇼새우/칠리소스,배추김치,사과,양배추,다시마쌈,,2
쌀밥,사리곰탕(기숙사),오이부추생채,깍두기,삼치구이,요플레,,,,3
클로렐라쌀밥,맑은콩나물국,표고돼지갈비찜,쥐취채무침,김가루계란말이,총각김치,,,,3
쌀밥,북어계란국,참치김치볶음,석박지,사과,초코우유,비엔나야채볶음,,,3
비빔밥,단호박전,배추김치,오렌지,검은콩우유,유부된장국,,,,2
옥수수밥,닭감자탕,두부구이/양념장,상추겉절이,상추겉절이,왕찐만두/양념장,배추김치,,,3
검정쌀밥구암,애호박된장찌개,요플레,취나물된장무침,파프리카해물완자전,총각김치,금귤,,,3
카레라이스,부추달걀국,닭꼬지,배추김치,방울토마토,바이오거트,,,,2
쌀밥,고등어무조림,겨울초겉절이,검은깨올방개묵,리쪼,돈육김치찌개,깍두기,,,3
오곡밥,황태맑은국,오이소박이(완제),김가루계란말이,오렌지,초코머핀,우유,,,3
보리찹쌀밥,미더덕된장국,순대,오징어젓갈,두루치기,배추김치,사과,,,2
현미찹쌀밥,조랭이떡국,돈육메추리알장조림,상추겉절이,건새우마늘쫑볶음,배추김치,파인애플,,,3
흑미찹쌀밥,사리곰탕(기숙사),연두부/양념장,배추김치,토마토,애호박전/양념간장,,,,2
참치야채비빔밥,맑은콩나물국,딸기도넛,깍두기,바나나(손),요구르트,,,,2
검정콩밥,부대찌개,깐풍기(닭),연근조림,시금치나물,배추김치,,,,2
검정콩밥,콩비지찌개,홍게실까스/머스터드,멸치볶음,총각김치,썬업,사과,,,3
쌀밥,애호박된장찌개,검은깨찐두부/돈육김치볶음,배추김치,상추겉절이,,,,,3
흑미찹쌀밥,쇠고기미역국,해물파전(오징어만),배추김치,볶음우동,요플레,방울토마토,,,2
자장라이스,계란파국,과일샐러드,깍두기,삼색경단,,,,,2
현미찹쌀밥,등뼈감자탕,비빔만두,어린새송이버섯볶음,배추김치,콩나물무침(흰색),,,,2
주먹밥(개),김치말이국수,배추김치,바이오거트,토마토,요플레,,,,2
차조밥,문어두부국,닭다리알감자조림,연근땅콩조림,구트,배추김치,방울토마토,,,3
굴소스해물볶음밥,유부된장국,케이준치킨샐러드,깍두기,요구르트,파인애플,,,,2
쌀밥,청국장찌개,돼지수육,양파와사비절임,상추/쌈장,배추김치,,,,2
영양밥,방아멸치시락국,베이컨감자채볶음,배추김치,숙주나물,미니메이플피칸파이,엔요,,,3
쌀밥,경단미역국,연근조림,오리불고기,상추겉절이,배추김치,요플레,,,2
쌀밥,애호박된장찌개,계란찜,갑오징어야채무침,취나물된장무침,배추김치,식빵피자토스트,,,3
쌀밥,시레기된장국,브로컬리/초고추장,닭감자볶음,배추김치,엔요,스크램블드에그,,,3
꽁보리밥,쑥갓어묵국,부추생채,도토리묵,오리훈제,배추김치,무쌈,,,2
우동,뿌리채소밥,단무지,수박,왕새우튀김,,,,,2
흑미찹쌀밥,시레기된장국,시금치나물,닭야채볶음(떡),깍두기,아몬드후레이크/우유,,,,2
쌀밥,미더덕된장국,참나물,오징어떡볶이,애느타리버섯볶음,배추김치,요거트푸딩,,,3
깍두기,딸기,우유,브로컬리볶음밥,수제새우버거,,,,,2
쌀밥,북어계란국,참치김치볶음,해물완자전,석박지,사과,초코우유,,,3
뿌리채소밥,꽃게탕,닭다리구이,오이소박이(완제),숙주나물,총각김치,바나나(손),,,2
현미찹쌀밥,모듬잡채,계란장조림,배추김치,건새우마늘쫑볶음,파인애플,조랭이떡국,,,2
쌀밥,해물된장국,버섯볶음,감자채볶음,파인애플,미니메이플피칸파이,배추김치,,,3
흑미찹쌀밥,깍두기,순대,북어계란국,후르츠탕수육,콩나물무침(흰색),,,,2
미트스파게티,배추김치,치즈케익,요구르트,쌀밥,시레기된장국,,,,2
쌀밥,물만두국,붉은오이무침,홍게살크레볼/케첩,배추김치,엔요,바나나(손),,,2
쌀밥,유부된장국,알감자조림,모듬야채샐러드,치즈등심돈까스/데리소스,배추김치,유기농포도쥬스,,,2
쌀밥,애호박전/양념간장,비엔나야채볶음,배추김치,김구이(완제),요플레,팽이된장국,,,3
오므라이스,유부된장국,멸치볶음,파인애플,인절미,배추김치,,,,3
옥수수밥,시레기된장국,만두탕수,갈치구이/양념장,콩나물무침(흰색),배추김치,우유,,,2
쌀밥,쇠고기떡국(냉면기),콩나물맛살냉채,총각김치,크로와상(청정원)/잼,바나나(손),,,,2
돈육콩나물국밥(냉면기),오이부추생채,김치전,깍두기,수박,,,,,3
닭갈비야채볶음밥,유부된장국,배추김치,팥송편,오렌지,유기농포도쥬스,,,,3
쌀밥,애호박된장찌개,오징어젓갈,감자채볶음,비엔나야채볶음,배추김치,우유,,,3
고구마파이,쌀밥,북어계란국,후르츠탕수육,콩나물무침(흰색),배추김치,도토리묵무침,,,2
자장라이스,다시마미소국,단무지,웨지감자구이/케첩,배추김치,요플레,,,,2
쌀밥,북어계란국,연두부/양념장,시금치나물,돈육김치볶음,깍두기,우유,,,3
갈비산적아채볶음밥,계란파국,깍두기,토마토,요구르트드레싱,딸기파이,오미자쥬스,,,2
쌀밥,애호박된장찌개,고등어김치조림,베이컨감자채볶음,깍두기,오렌지,궁중왕만두,,,2
볶음김치/김가루/계란,볶음김치/계란,치즈케익,유부된장국,깍두기,우유,멜론,,,2
잡곡밥,김치콩나물국,돈육메추리알장조림,오이생채,애호박나물,배추김치,수박,,,3
쌀밥,청국장찌개,삼겹살오븐구이,새송이버섯구이,상추겉절이,배추김치,토마토,요플레,,3
오곡밥,황태맑은국,김가루계란말이,우유,초코머핀,오렌지,배추김치,오이생채,,3
닭갈비야채볶음밥,유부된장국,깍두기,송편(인 개),수박,이츠웰쥬스(능금감귤),,,,2
쌀밥,시레기된장국,명태통살까스/사우전아일랜드,붉은오이무침,연근조림,배추김치,파인애플,,,3
현미찹쌀밥,버섯전골,시금치나물,총각김치,닭봉떡조림,사과,초코우유,,,3
현미찹쌀밥,조랭이떡국,검은깨찐두부/돈육김치볶음,야채튀김,깍두기,수박,,,,2
배추김치,실곤약무침,쌀밥,순두부찌개,치즈등심돈까스/데리소스,콩나물무침(흰색),,,,2
옥수수밥,총각김치,참치야채전,새송이버섯구이,방아멸치시락국,우유,베이컨감자채볶음,,,3
비빔밥(계절),키위쥬스,오징어두부국,깍두기,계란빵,아이스홍시,,,,2
쌀밥,콩비지찌개,무생채,배추김치,돼지갈비떡찜,브로컬리/초고추장,,,,3
흑미찹쌀밥,근대된장국,사과,양배추쌈,깐쇼새우/칠리소스,배추김치,우유,감자채볶음,,3
잔치국수,주먹밥(개),엔요,깍두기,과일샐러드,,,,,2
쌀밥,미소된장국,오이스틱,돈육떡볶음,깍두기,멜론,모듬잡채,,,2
현미찹쌀밥,멸치김치찌개,닭다리알감자조림,깻잎지(완제),키위,우유,연근땅콩조림,딸기파이,,3
쌀밥,물만두국,삼색소시지볶음(부),스크램블드에그,연근땅콩조림,배추김치,우유,,,3
쌀밥,오이냉국,오리불고기,콩나물맛살냉채,참나물,배추김치,리쪼,,,2
검정콩밥,두부구이/양념장,모듬잡채,상추겉절이,배추김치,바나나(손),애호박된장찌개,,,3
현미찹쌀밥,맑은콩나물국,호두아몬드볶음,낙지볶음,배추김치,우유,오이생채,우리밀딸기잼파이,,3
근대된장국,오리훈제야채무침,배추김치,오이생채,쌀밥,감자채볶음,방울토마토,,,2
쌀밥,유부된장국,치즈등심돈까스/데리소스,과일샐러드,실곤약무침,배추김치,돌스위티오파인쥬스,,,2
쌀밥,크로와상,김구이(완제),어묵볶음,배추김치,우유,햄구이,양상치, 치즈,2
낙지야채비빔밥,북어무채국,실곤약무침(마요네즈과고),배추김치,오렌지,메론샤벳,,,,3
옥수수밥,닭개장,삼치구이,백김치,오이고추,검은깨올방개묵,딸기파이,,,2
사과,우유,배추김치,전복죽/양념장,메추리알장조림,참나물미나리무침,,,,3
삼겹살김치볶음밥,팽이된장국,깍두기,미니메이플피칸파이,엔요,수박,,,,3
현미찹쌀밥,조랭이떡국,모듬장조림,참치김치볶음,죽순버섯볶음,깍두기,오렌지,,,3
밸런스라이스업,시레기된장국,궁중왕만두,가자미김치조림,사과,깍두기,우유,초코머핀,,3
클로렐라쌀밥,문어두부국,고추잡채/꽃빵,콩나물무침(흰색),고등어()자반구이,배추김치,방울토마토,,,3
멜론,쌀밥,등뼈감자탕,돈육메추리알장조림,상추겉절이,꽈리건새우볶음,배추김치,,,2
쌀밥,취나물된장무침,파프리카해물완자전,총각김치,요거트푸딩,우유,버섯전골,블루파이,,3
카레라이스,계란파국,우리쌀호두파이,배추김치,엔요,과일샐러드,,,,2
쌀밥,돈육김치찌개,겨울초겉절이,도토리묵무침,깍두기,리쪼,불낙볶음,,,3
현미찹쌀밥,단호박수제비국,함박스테이크,배추김치,오징어젓갈,함박스테이크소스,방울토마토,우유,우리밀딸기잼파이,2
날치알김치볶음밥,계란후라이,다시마미소국,핫도그,방울토마토,오미자쥬스,총각김치,,,2
쌀밥,해물된장국,떡양념치킨,도토리묵무침,상추겉절이,배추김치,,,,2
사리곰탕(기숙사),연두부/양념장,오이부추생채,배추김치,바나나(손),우유,흑미찹쌀밥,,,2
물냉면,총각김치,미니메이플피칸파이,엔요,방울토마토,,,,,2
고등어()자반구이,배추김치,쌀밥,감자두부된장국,순대야채볶음,브로컬리/초고추장,,,,3
쌀밥,북어계란국,참치김치볶음,비엔나꽈리볶음,석박지,콩나물무침(흰색),우유,비엔나토마토,,3
검은깨찐두부/돈육김치볶음,상추겉절이,깍두기,수박,쌀밥,애호박된장찌개,,,,3
현미찹쌀밥,맑은콩나물국,아삭이고추/쌈장,참나물미나리무침,총각김치,요플레,사과,돈등뼈김치찜,,3
쌀밥,쇠고기미역국,감자햄볶음,배추김치,사과,오징어젓갈,우유,파프리카해물완자전,,2
토마코펜라이스업밥,동태국,비빔만두,연두부/양념장,도라지 진미무침,배추김치,참외,,,3
뿌리채소밥,수제치킨버거,깍두기,방울토마토,구트,,,,,2
쌀밥,애플파이,근대된장국,사과,삼치구이,마늘쫑어묵볶음,우유,배추김치,,3
곤드레나물밥,시레기된장국,콩나물맛살냉채,배추김치,과일샐러드,요플레,,,,3
쌀밥,방아멸치시락국,숙주나물,베이컨감자채볶음,배추김치,칼슘깻잎육전,우유,바나나(손),,2
단호박카레라이스,계란파국,야채어묵조림,배추김치,미니메이플피칸파이,돌스위티오파인쥬스,,,,2
다시마미소국,배추김치,취나물된장무침,갑오징어야채무침,식빵피자토스트,사과,쌀밥,햄,콘계란찜,3
쌀밥,돈육김치찌개,연두부/양념장,포크소시지야채볶음,콩나물무침(흰색),배추김치,우유,,,3
흑미찹쌀밥,북어계란국,모듬잡채,계란장조림,무생채,배추김치,참외,,,3
우동,깍두기,사과,파인애플소르베,뿌리채소밥,,,,,1
흑미찹쌀밥,쇠고기미역국,돈육메추리알장조림,배추김치,마늘쫑어묵볶음,오이생채,우유,,,2
쌀밥,애호박된장찌개,연근조림,상추겉절이,오리불고기,배추김치,요플레,,,2
쌀밥,청국장찌개,돼지수육,양파와사비절임,배추김치,무말랭이무침,,,,2
쌀밥,숯불떡갈비야채볶음,브로컬리/초고추장,배추김치,치즈케익,북어계란국,우유,오징어젓갈,,3
자장라이스,오꼬노미야끼,계란파국,깍두기,엔요,사과,,,,2
쌀밥,등뼈감자탕,오이생채,배추김치,후르츠탕수육,메론,,,,2
쌀밥,어묵국,고등어()자반구이,궁중떡볶이,오이생채,배추김치,바나나(손),우유,,3
쌀밥,감자국,돼지갈비떡찜,시금치나물,골뱅이무침/사리,배추김치,참외,,,3
부대찌개,오징어볶음,콩나물무침(흰색),배추김치,오징어볶음,쌀밥,모듬잡채,,,2
흑미찹쌀밥,곰탕,연두부/양념장,오이생채,배추김치,바나나(손),애플파이,딸기우유,,3
날치알김치볶음밥,맑은콩나물국,후라이드닭다리,깍두기,친환경멜론,양상추샐러드,요구르트,,,3
쌀밥,쇠고기미역국,닭야채볶음(떡),오꼬노미야끼,애호박나물,배추김치,사과,,,2
쌀밥,애호박된장찌개,오징어젓갈,감자채볶음,비엔나야채볶음,배추김치,우유,사과,,3
잡곡밥,모듬잡채,브로컬리/초고추장,깍두기,참외,삼치구이,조랭이떡국,,,3
쌀밥,동태국,오이무침,계란떡볶이,김말이튀김,배추김치,바나나(손),,,3
비엔나토마토,현미찹쌀밥,북어무채국,햄구이,낙지볶음,콩나물무침(흰색),배추김치,우유,,3
쌀밥,문어두부국,등갈비폭립,감자채볶음,배추김치,파인애플,양상추샐러드,,,3
카레라이스,우리쌀호두파이,계란파국,과일샐러드,배추김치,엔요,,,,2
현미찹쌀밥,우리밀딸기잼파이,단호박수제비국,단호박수제비국,오징어젓갈,함박스테이크,배추김치,함박스테이크소스,방울토마토,2
알감자버터구이,현미찹쌀밥,쇠고기미역국,닭야채볶음(떡),양배추,취나물된장무침,배추김치,엔요,,3
자장라이스,달걀양파국,후르츠탕수육,실곤약무침,배추김치,단무지,바나나(손),,,2
쌀밥,북어계란국,연두부/양념장,시금치나물,돈육김치볶음,깍두기,우유,사과,,3
돈육콩나물밥/양념장,시레기된장국,떡양념치킨,배추김치,오이생채,친환경멜론,미숫가루,,,2
꽁보리밥,청국장찌개,숙주나물,돼지수육,양파와사비절임,배추김치,비엔나토마토,상추/쌈장,,3
전복죽/양념장,메추리알장조림,참나물미나리무침,배추김치,우유,사과,,,,2
잡곡밥,김치콩나물국,오리불고기,옥수수야채계란찜,배추김치,체리,상추/쌈장,호박나물,,3
쌀밥,버섯전골,두부조림,배추김치,시금치나물,우유,미니메이플피칸파이,오징어떡볶이,,3
잡채볶음밥,북어콩나물국,상추겉절이,깍두기,참외,요플레,자장소스/쌀밥,애플파이,,2
쌀밥,쇠고기미역국,닭야채볶음(떡),오꼬노미야끼,애호박나물,배추김치,사과(부사),,,3
사과,쌀밥,감자국,함박스테이크,배추김치,우유,김구이(완제),멸치아몬드볶음,딸기파이,2
쌀밥,곰탕,비빔만두,가자미구이,숙주나물,깍두기,참외,,,2
새우살야채볶음밥,애호박된장찌개,배추김치,수박,미트스파게티,애플파이,,,,2
쌀밥,꽃게탕,런천미트구이/케첩,배추김치,멜론,양배추,우유,애플파이,,3
클로렐라쌀밥,맑은콩나물국,표고돼지갈비찜,김가루계란말이,총각김치,애호박나물,자두,,,3
쌀밥,영계백숙마리,속배추겉절이,깍두기,수박,파인애플소르베,속배추겉절이,,,3
쌀밥,북어계란국,참치김치볶음,비엔나꽈리볶음,석박지,콩나물무침(흰색),비엔나토마토,우유,딸기파이,3
후라이드닭다리,김치말이국수,배추김치,미니메이플피칸파이,바이오거트,수박,,,,2
잡곡밥,근대된장국,닭야채볶음(떡),알감자버터구이,숙주나물,배추김치,사과,,,2
쌀밥,감자국,미트볼케첩조림,스크램블드에그,배추김치,오이생채,체리,,,3
열무보리비빔밥/약고추장,강된장찌개,수박,깍두기,숙주나물,요구르트,미니메이플피칸파이,,,2
검정콩밥,부대찌개,시금치나물,깐풍기(닭),배추김치,실곤약무침,사과,,,2
우유,떡국,배추김치,사과,메추리알장조림,미니메이플피칸파이,베이컨감자채볶음,,,3
쌀밥,다시마미소국,오리훈제/머스터드,무쌈,오이부추생채,배추김치,숙주나물,천도복숭아,,3
쌀밥,버섯전골,도토리묵무침,배추김치,안동찜닭,방울토마토,무생채,,,3
야채죽,돈육메추리알장조림,바나나(손),우유,미니메이플피칸파이,배추김치,파인애플,,,2
쌀밥,북어콩나물국,닭야채볶음(떡),야채어묵조림,시금치나물,배추김치,수박,,,3
삼겹살김치볶음밥,다시마미소국,달걀후라이,식빵피자토스트,깍두기,요구르트,과일샐러드,,,2
잡곡밥,곰탕,버섯군만두(개),도라지 진미무침,배추김치,파인애플,우유,초코머핀,,3
쌀밥,쇠고기미역국,브로컬리/초고추장,배추김치,바나나(손),우유,돈육김치볶음,숙주나물,,3
물냉면,미니메이플피칸파이,총각김치,방울토마토,엔요,,,,,2
쌀밥,추어탕,고등어()자반구이,무생채,배추김치,수박,계란떡볶이,,,3
쌀밥,북어계란국,비엔나꽈리볶음,콩나물무침(흰색),참치김치볶음,석박지,우유,비엔나토마토,,3
단호박카레라이스,계란파국,야채어묵조림,과일샐러드,배추김치,돌스위티오파인쥬스,,,,2
현미찹쌀밥,쇠고기미역국,떡양념치킨,마카로니샐러드(햄),배추김치,감자채볶음,파인애플,,,2
볶음김치/김가루/계란,볶음김치/계란,치즈케익,유부된장국,깍두기,우유,사과,숙주나물,,2
쌀밥,미소된장국,등심돈까스/데리소스,양상추샐러드,실곤약무침,배추김치,방울토마토,,,2
뿌리채소밥,꽃게탕,숙주나물,닭다리구이,오이소박이(완제),총각김치,바나나(손),,,4
전복죽/양념장,딸기파이,메추리알장조림,참나물미나리무침,배추김치,우유,사과,,,2
쌀밥,쑥갓어묵국,낙지볶음,브로컬리/초고추장,배추김치,아이스홍시,김가루계란말이,,,3
김치말이국수,깍두기,요구르트,수박,찐옥수수,,,,,1
쌀밥,애호박된장찌개,오징어젓갈,감자채볶음,비엔나야채볶음,배추김치,우유,사과,,2
근대된장국,현미찹쌀밥,안동찜닭,콩나물무침(흰색),배추김치,수박,감자어묵조림,,,3
흑미찹쌀밥,근대된장국,감자채볶음,깐쇼새우/칠리소스,배추김치,우유,사과,양배추쌈,,2
엔요,물냉면,수박,깍두기,미니메이플피칸파이,,,,,1
쌀밥,경단미역국,도토리묵,콩나물무침(빨간색),조기구이/양념장,배추김치,요러케(창원과고),,,3
현미찹쌀밥,북어무채국,콩나물무침(흰색),낙지볶음,햄구이,바나나(손),배추김치,우유,,3
리쪼,쌀밥,시레기된장국,알감자조림,취나물된장무침,배추김치,해물찜,,,2
비빔밥(계절),오징어두부국,깍두기,계란빵,아이스홍시,곤약어묵조림,,,,2
쌀밥,쑥갓어묵국,고등어()자반구이,오이생채,배추김치,자두,우유,메추리알떡볶이,,4
옥수수밥,머위된장무침,상추겉절이,왕찐만두/양념장,배추김치,미숫가루,추어탕,,,3
김치말이국수,깍두기,찐옥수수,요구르트,바나나(손),,,,,1
쌀밥,곰탕,도라지 진미무침,버섯군만두(개),배추김치,우유,방울토마토,초코머핀,,2
현미찹쌀밥,맑은콩나물국,돈등뼈김치찜,알감자버터구이,배추김치,사과,아삭이고추/쌈장,요러케(창원과고),,3
미트스파게티,새우살야채볶음밥,수박,깍두기,양상추샐러드,요구르트,유부된장국,,,2
쌀밥,꽃게탕,깍두기,닭야채볶음(떡),연두부/양념장,시금치나물,사과,우유,미니메이플피칸파이,4
쌀밥,시레기된장국,쫄면콩나물무침(주찬),버섯군만두(개),시금치나물,배추김치,치즈케익,,,2
쌀밥,감자국,함박스테이크,함박스테이크소스,멸치아몬드볶음,김구이(완제),배추김치,우유,고구마파이,2
열무보리비빔밥/약고추장,강된장찌개,배추김치,계란후라이,무생채,초코머핀,참외,,,2
뿌리채소밥,미트스파게티,유부된장국,오이피클,깍두기,수박,,,,2
쌀밥,애호박된장찌개,오징어젓갈,감자채볶음,비엔나야채볶음,배추김치,우유,사과,,2
쌀밥,참치김치찌개,돼지수육,양파와사비절임,깍두기,상추,오이고추,,,2
쌀밥,쇠고기미역국,등심돈까스/데리소스,도토리묵,실곤약무침,배추김치,,,,2
현미찹쌀밥,버섯전골,시금치나물,닭다리알감자조림,총각김치,바나나(손),우유,,,3
쌀밥,팽이된장국,후르츠탕수육,알감자버터구이,배추김치,요러케(창원과고),콩나물겨자무침,,,2
치즈케익,잔치국수,깍두기,수박,요구르트,,,,,1
쌀밥,유부된장국,피자치즈코든블루/데리소스,브로컬리/초고추장,배추김치,우유,숙주나물,사과,,3
쌀밥,애호박된장찌개,닭야채볶음(떡),숙주나물,배추김치,도토리묵무침,리쪼,,,3
카레라이스,계란파국,딸기우유빙수,깍두기,멸치볶음,바나나(손),,,,1
쌀밥,물만두국,호두아몬드볶음,스크램블드에그,삼색소시지통구이/케첩,배추김치,우유,,,2
옥수수밥,부대찌개,송이버섯볶음,갈치구이/양념장,애호박나물,깍두기,요구르트,,,3
함박스테이크,취나물된장무침,배추김치,쌀밥,시레기된장국,함박스테이크소스,우유,치즈케익,,2
닭갈비야채볶음밥,계란파국,깍두기,오미자쥬스,자두,핫도그,,,,2
쌀밥,시레기된장국,생선까스(구암),붉은오이무침,배추김치,곤약어묵조림,사과,,,3
쌀밥,꽃게탕,알감자조림,런천미트야채볶음,양배추쌈,배추김치,우유,바나나(손),,4
쌀밥,쇠고기미역국,떡양념치킨,도토리묵무침,배추김치,엔요,들깨찜(창원과고),,,2
쌀밥,선동명태살콩나물국,라볶이,당면김말이,배추김치,애호박나물,,,,3
삼겹살버섯볶음,시금치나물,배추김치,우유,쌀밥,맑은콩나물국,사과,,,3
날치알김치볶음밥,계란파국,깍두기,브리또,바나나(손),요구르트,,,,2
현미찹쌀밥,물만두국,닭야채볶음(떡),들깨가루고구마줄기볶음,멸치볶음,깍두기,미숫가루,,,3
흑미찹쌀밥,우유,오징어젓갈,배추김치,비엔나야채볶음,단호박수제비국,단호박수제비국,사과,,2
현미찹쌀밥,돈육메추리알장조림,시금치나물,무생채,배추김치,장어추어탕,요러케(창원과고),,,2
쌀밥,볶음김치/김가루/계란,유부된장국,깍두기,우유,파인애플,초코머핀,계란후라이,,2
쌀밥,애호박된장찌개,계란찜,도라지오이무침,오징어볶음,배추김치,수박,,,3
갈비산적아채볶음밥,계란파국,깍두기,오미자쥬스,사과,초코머핀,,,,2
현미찹쌀밥,동태국,김가루계란말이,도토리묵무침,취나물된장무침,배추김치,우유,,,3
보리찹쌀밥,조랭이떡국,마파두부,배추김치,애호박나물,오꼬노미야끼,,,,2
양상추샐러드,쌀밥,콩나물무채국,폭립,시금치나물,배추김치,바나나(손),,,3
우유,메추리알장조림,배추김치,사과,크로와상(청정원)/잼,쇠고기떡국(냉면기),,,,1
쌀밥,등뼈감자탕,오이생채,후르츠탕수육,배추김치,요플레,,,,2
깍두기,오므라이스,유부된장국,케이준치킨샐러드,요러케(창원과고),,,,,2
쌀밥,북어무채국,깍두기,돈육김치볶음,연두부/양념장,우유,시금치나물,,,3
클로렐라쌀밥,맑은콩나물국,고추잡채/꽃빵,고등어()자반구이,배추김치,방울토마토,양배추,,,4
곤드레나물밥,시레기된장국,멸치볶음,바나나(손),배추김치,요플레,,,,2
쌀밥,시레기된장국,표고돼지갈비찜,들깨가루고구마줄기볶음,배추김치,우유,키위,,,3
쌀밥,미소된장국,양상추샐러드,실곤약무침,등심돈까스/데리소스,배추김치,바나나(손),,,2
쌀밥,북어계란국,우유,연두부/양념장,돈육김치볶음,깍두기,붉은오이무침,,,3
현미찹쌀밥,부대찌개,후르츠탕수육,배추김치,숙주나물,방울토마토,알감자조림,,,2
쌀밥,시레기된장국,순대야채볶음,미트스파게티,배추김치,사과,시금치나물,,,2
볶음김치/김가루/계란,볶음김치/계란,치즈케익,유부된장국,깍두기,우유,사과,,,2
쌀밥,등뼈감자탕,피자맛떡볶이,배추김치,바나나(손),콩나물무침(흰색),,,,3
쌀밥,새송이버섯구이,삼겹살오븐구이,배추김치,방울토마토,시레기된장국,상추/쌈장,콩나물무침(흰색),,2
오곡밥,황태맑은국,오이생채,김가루계란말이,배추김치,우유,초코머핀,바나나(손),,3
자장라이스,짬뽕국,단무지,배추김치,미니메이플피칸파이,요구르트,사과,,,2
쌀밥,닭도리탕,도토리묵,새우까스/케첩,콩나물무침(흰색),배추김치,아띠젤리,,,3
우유,멸치볶음주먹밥,부추달걀국,배추김치,바나나(손),치즈케익,아띠젤리,,,2
해물김치볶음밥,콩나물냉국,버섯군만두(개),과일샐러드,깍두기,요구르트,,,,2
잔치국수,깍두기,포도,요플레,찹쌀꽈배기,,,,,1
흑미찹쌀밥,사리곰탕(기숙사),연두부/양념장,오이부추생채,배추김치,우유,바나나(손),,,2
쌀밥,김치전,깍두기,부추생채,사과,꿀떡,육개장,,,3
낙지야채비빔밥,북어무채국,실곤약무침(마요네즈과고),배추김치,요러케(창원과고),방울토마토,,,,3
쌀밥,북어계란국,비엔나꽈리볶음,콩나물무침(흰색),참치김치볶음,석박지,우유,비엔나토마토,,3
쌀밥,콩비지찌개,알감자조림,애호박나물,쭈꾸미야채볶음,열무김치,,,,2
쌀밥,대구매운탕,콩조림,떡양념치킨,실곤약무침,배추김치,,,,3
쌀밥,쇠고기미역국,감자햄볶음,오징어젓갈,파프리카해물완자전,배추김치,우유,사과,,1
쌀밥,곰탕,장어강정,모듬잡채,상추겉절이,배추김치,,,,2
방울토마토,현미찹쌀밥,오이냉국,명태통살까스/사우전아일랜드,일미땅콩무침,배추김치,감자샐러드,,,3
쌀밥,근대된장국,마늘쫑어묵볶음,삼치구이,배추김치,우유,사과,미니메이플피칸파이,,3
굴소스해물볶음밥,유부된장국,케이준치킨샐러드,깍두기,요구르트,바나나(손),,,,2
쌀밥,물만두국,연근땅콩조림,스크램블드에그,삼색소시지볶음(부),배추김치,우유,,,2
현미찹쌀밥,강된장찌개,브로컬리/초고추장,무생채,배추김치,안동찜닭,,,,4
사과,쌀밥,부대찌개,고추잡채/꽃빵,고등어()자반구이,배추김치,숙주나물,,,3
현미찹쌀밥,맑은콩나물국,오이생채,낙지볶음,호두아몬드볶음,배추김치,우유,미니메이플피칸파이,,2
쌀밥,등뼈감자탕,꽈리건새우볶음,돈육메추리알장조림,상추겉절이,배추김치,바나나(손),,,3
쌀밥,맑은조개살탕국,오리불고기,무쌈,오이스틱,찐두부,배추김치,사과,,2
쌀밥,버섯전골,취나물된장무침,파프리카해물완자전,총각김치,요거트푸딩,우유,딸기파이,사과,2
비빔냉면,총각김치,방울토마토,엔요,치즈케익,,,,,2
쌀밥,경단미역국,돈육김치볶음,곤약어묵조림,콩나물무침(흰색),석박지,,,,2
쌀밥,유부된장국,숙주나물,브로컬리/초고추장,피자치즈코든블루/데리소스,배추김치,우유,사과,,3
꽁보리밥,해물탕,제육볶음,브로컬리/초고추장,배추김치,찐만두/양념장,,,,3
쌀밥,알탕,깐풍기(닭),무 미역초 무침,배추김치,감자채볶음,,,,3
메추리알장조림,베이컨감자채볶음,미니메이플피칸파이,배추김치,우유,사과,쇠고기떡국(냉면기),,,2
쌀밥,단호박수제비국,미더덕해물찜,깍두기,오이무침(무색),알감자조림,,,,3
쌀밥,아욱새우국(된장),해물파전(홍오징어),비트무생채,배추김치,도토리묵무침,사과,,,3
미니메이플피칸파이,깍두기,우유,사과,주먹밥(개),맑은콩나물국,요거트푸딩,,,2
쌀밥,강된장찌개,등심돈까스/데리소스,브로컬리/초고추장,열무김치,배추김치,요구르트,,,3
쌀밥,시레기된장국,검은깨찐두부/돈육김치볶음,알감자버터구이,배추김치,요플레,,,,2
쌀밥,치즈케익,시레기된장국,취나물된장무침,함박스테이크,배추김치,함박스테이크소스,우유,,1
꽁보리밥,북어무채국,닭야채볶음(떡),상추겉절이,깍두기,시금치나물,사과,닭야채볶음(떡),,3
쌀밥,돈육김치찌개,비엔나꽈리볶음,두부조림,깍두기,숙주나물,바나나(손),,,2
알감자조림,런천미트야채볶음,배추김치,우유,양배추쌈,바나나(손),쌀밥,꽃게탕,,4
애호박나물,맑은콩나물국,오리훈제야채무침,배추김치,도토리묵무침,쌀밥,바나나(손),,,2
자장면(주찬),달걀양파국,바나나(손),단무지,깍두기,깨찰빵,요구르트,,,1
쌀밥,삼겹살버섯볶음,배추김치,우유,사과,맑은콩나물국,시금치나물,,,2
잔치국수,깍두기,치즈케익,딸기우유빙수,방울토마토,,,,,1
쌀밥,조랭이떡국,마파두부,배추김치,곤약어묵조림,브로컬리/초고추장,,,,3
우유,참치김치볶음주먹밥,부추달걀국,깍두기,토마토,요플레,딸기파이,궁중왕만두,,2
쌀밥,순두부찌개,안동찜닭,안동찜닭,콩나물무침(흰색),고구마튀김,배추김치,,,3
쌀밥,강된장찌개,시금치나물,버섯볶음,배추김치,요구르트,모듬꼬지,,,3
깐쇼새우/칠리소스,배추김치,우유,흑미찹쌀밥,근대된장국,사과,양배추쌈,초코머핀,,2
쌀밥,단호박수제비국,도토리묵무침,배추김치,머위된장무침,꽃게깐풍기,,,,3
쌀밥,애호박된장찌개,오징어젓갈,감자채볶음,비엔나야채볶음,배추김치,우유,사과,,2
뿌리채소밥,미트스파게티,유부된장국,요구르트,깍두기,양상추샐러드,,,,2
쌀밥,맑은콩나물국,계란찜,배추김치,돼지수육,양파와사비절임,바나나(손),,,1
북어무채국,콩나물무침(흰색),낙지볶음,햄구이,배추김치,우유,비엔나토마토,현미찹쌀밥,,3
쌀밥,대구매운탕,애호박나물,돈육김치볶음,마늘쫑멸치조림,배추김치,사과,,,3
자장라이스,오꼬노미야끼,계란파국,깍두기,엔요,딸기파이,,,,1
현미찹쌀밥,우리밀딸기잼파이,단호박수제비국,단호박수제비국,오징어젓갈,함박스테이크,배추김치,함박스테이크소스,방울토마토,2
김치말이국수,미니메이플피칸파이,배추김치,바나나(손),요구르트,,,,,1
쌀밥,다시마무국,고추잡채/꽃빵,감자샐러드,배추김치,찹쌀떡,,,,3
쌀밥,북어계란국,연두부/양념장,시금치나물,돈육김치볶음,깍두기,우유,사과,,3
쌀밥,시레기된장국,삼겹살콩나물찜,아삭고추된장무침,알감자조림,배추김치,,,,2
오므라이스,쑥갓어묵국,바나나(손),깍두기,요플레,인절미,,,,1
쌀밥,어묵국,오이생채,궁중떡볶이,고등어()자반구이,배추김치,우유,바나나(손),,2
쌀밥,등뼈감자탕,오이생채,감자야채전,배추김치,팥송편,,,,3
유부된장국,깍두기,와플/딸기잼,요구르트,사과,카레라이스,,,,1
흑미찹쌀밥,곰탕,연두부/양념장,오이생채,배추김치,사과,미니메이플피칸파이,우유,,1
클로렐라쌀밥,쇠고기미역국,신당동할매자장떡볶이,애호박나물,배추김치,조기구이/양념장,,,,3
햄우엉야채볶음밥,배추김치,식빵피자토스트,요구르트,사과,유부된장국,,,,2
현미찹쌀밥,버섯전골,시금치나물,닭봉떡조림,총각김치,사과,우유,미니메이플피칸파이,,3
제육덮밥,미더덕된장국,배추김치,초코머핀,콩나물겨자무침,요구르트,제육덥밥,,,2
요구르트,쌀밥,쇠고기무국,코다리강정/두반장,애느타리버섯볶음,배추김치,붉은오이무침,,,2
옥수수밥,방아멸치시락국,새송이버섯구이,베이컨감자채볶음,참치야채전,총각김치,우유,,,2
갈비산적아채볶음밥,근대된장국,단호박고구마치즈그라탕,깍두기,요구르트,토마토,요플레,,,1
주먹밥(개),맑은콩나물국,감자샐러드샌드위치,깍두기,요구르트,바나나(손),,,,1
흑미찹쌀밥,근대된장국,깐쇼새우/칠리소스,감자채볶음,배추김치,우유,사과,양배추쌈,,2
쌀밥,조갯살박국,알감자조림,오리훈제야채무침,배추김치,아삭고추된장무침,,,,3
쌀밥,두부미역된장국,닭야채볶음,상추겉절이,우엉땅콩조림,배추김치,인절미,,,3
현미찹쌀밥,딸기파이,멸치김치찌개,연근땅콩조림,닭다리알감자조림,깻잎지(완제),우유,키위,,2
차조밥,오이냉국,애호박나물,어묵야채볶음,비빔만두,깍두기,,,,2
미니메이플피칸파이,총각김치,방울토마토,엔요,열무비빔냉면,,,,,1
쇠고기떡국(냉면기),메추리알장조림,베이컨감자채볶음,미니메이플피칸파이,배추김치,우유,사과,,,1
쌀밥,곰탕,조기구이/양념장,콩나물무침(흰색),부추생채,깍두기,요구르트,,,3
돈육콩나물국밥(냉면기),부추생채,깍두기,요구르트,사과,팥송편,,,,2
쌀밥,황태맑은국,오이생채,김가루계란말이,배추김치,우유,초코머핀,포도,,3
닭갈비야채볶음밥,유부된장국,숙주나물,고구마튀김,배추김치,바나나(손),,,,2
쌀밥,맑은콩나물국,돈등뼈김치찜,알감자버터구이,배추김치,아삭고추된장무침,,,,3
쌀밥,쇠고기미역국,숙주나물,돈육김치볶음,브로컬리/초고추장,배추김치,우유,바나나(손),,3
쌀밥,육개장,깐풍기(닭),브로컬리/초고추장,붉은오이무침,팥송편,,,,3
굴소스해물볶음밥,맑은콩나물국,웨지감자구이/케첩,요구르트,비빔막국수,숙주나물,,,,2
쌀밥,딸기파이,감자국,김구이(완제),멸치아몬드볶음,함박스테이크,배추김치,우유,사과,2
무생채,쌀밥,추어탕,왕찐만두/양념장,배추김치,아삭고추된장무침,,,,2
비빔밥(계절),오징어두부국,계란후라이,치즈케익,깍두기,요구르트,사과,,,2
방울토마토,쌀밥,꽃게탕,꽃게탕,런천미트구이/케첩,배추김치,우유,양배추,미니메이플피칸파이,4
옥수수밥,시레기된장국,닭야채볶음(떡),도토리묵무침,배추김치,애호박나물,거봉,,,2
인도커리덥밥,유부된장국,깍두기,계란빵,요구르트,꽃맛살양상치샐러드,,,,2
쌀밥,딸기파이,북어계란국,비엔나꽈리볶음,콩나물무침(흰색),참치김치볶음,석박지,우유,사과,3
자장라이스,계란파국,찹쌀떡,사과,배추김치,요구르트,,,,1
쌀밥,강된장찌개,해물파전(홍합,오징어),배추김치,참나물,알감자조림,,,2
쌀밥,버섯전골,두부조림,시금치나물,미니메이플피칸파이,배추김치,우유,메추리알떡볶이,,2
쌀밥,알탕,시금치나물,마카로니샐러드,라볶이,배추김치,요거트푸딩,,,2
돈육콩나물국밥(냉면기),부추생채,깍두기,팥송편,요구르트,사과,,,,2
황태맑은국,오이생채,김가루계란말이,배추김치,우유,초코머핀,쌀밥,포도,,3
닭갈비야채볶음밥,유부된장국,고구마튀김,배추김치,바나나(손),숙주나물,,,,2
쌀밥,맑은콩나물국,돈등뼈김치찜,알감자버터구이,배추김치,아삭고추된장무침,,,,3
쇠고기떡국(냉면기),메추리알장조림,미니메이플피칸파이,배추김치,우유,사과,아띠젤리,,,1
참치야채비빔밥,유부된장국,와플/딸기잼,깍두기,파인애플,요구르트,,,,1
흑미찹쌀밥,문어두부국,안동찜닭,배추김치,양배추,다시마쌈,숙주나물,바나나(손),,2
배추김치,우유,흑미찹쌀밥,근대된장국,깐쇼새우/칠리소스,감자채볶음,양배추쌈,사과,,2
옥수수밥,애호박된장찌개,갈치무조림,시금치나물,만두탕수,배추김치,비엔나토마토,,,2
쌀밥,북어무채국,감자샐러드,라볶이,참나물,깍두기,황도,,,3
쌀밥,쇠고기미역국,오징어젓갈,배추김치,감자햄볶음,완자전,우유,사과,,2
쌀밥,곰탕,애호박나물,상추겉절이,장어강정,깍두기,요구르트(딸기),,,2
쌀밥,짬뽕국,콩나물무침(흰색),순대야채볶음,고구마맛탕,배추김치,하루야채,,,1
흑미찹쌀밥,북어무채국,깍두기,사과,시금치나물,우유,검은깨찐두부/돈육김치볶음,,,3
붕어빵,귤,꽁보리밥,시레기된장국,숙주나물,미트스파게티,배추김치,,,2
쌀밥,멸치김치찌개,오이스틱,동태포전/양념장,배추김치,계란떡볶이,파인애플,,,3
계란후라이,볶음김치/김가루/계란,유부된장국,깍두기,미니메이플피칸파이,우유,사과,,,2
쌀밥,시레기된장국,삼겹살오븐구이,새송이버섯구이,콩나물무침(흰색),상추,배추김치,오렌지,,2
쌀밥,사리곰탕(기숙사),오이부추생채,삼치구이,깍두기,요플레,귤,,,3
꽁보리밥,황태맑은국,김가루계란말이,배추김치,시금치나물,초코머핀,요구르트,황도,,3
클로렐라쌀밥,맑은콩나물국,표고돼지갈비찜,쥐취채무침,숙주나물,깍두기,파인애플,,,2
비빔밥(계절),문어두부국,계란후라이,배추김치,사과,바나나우유,,,,2
쌀밥,물만두국,연근땅콩조림,삼색소시지통구이/케첩,스크램블드에그,배추김치,우유,,,1
순대,시금치나물,파인애플,참치김치찌개,흑미찹쌀밥,참치김치찌개,만두탕수,깍두기,,2
잔치국수,깍두기,찹쌀꽈배기,요플레,파인애플,,,,,1
쌀밥,사리곰탕(기숙사),붉은오이무침,배추김치,사과,연두부/양념장,우유,퓨어(저지방),,2
김치전,쌀밥,육개장,부추생채,깍두기,팥송편,파인애플,,,2
날치알김치볶음밥,북어무채국,애호박나물,배추김치,바나나(손),와플/딸기잼,오렌지,,,2
쌀밥,북어계란국,콩나물무침(흰색),석박지,비엔나꽈리볶음,참치김치볶음,우유,북어계란국,사과,2
자장면(주찬),깨찰빵,달걀양파국,단무지,깍두기,요구르트,멜론,,,1
꽁보리밥,시레기된장국,배추김치,궁중왕만두,브로컬리/초고추장,사과,돈육떡볶음,,,3
쌀밥,감자국,붉은오이무침,홍게살크레볼/케첩,배추김치,우유,황도,,,2
쌀밥,맑은콩나물국,도토리묵무침,애호박나물,오리훈제야채무침,배추김치,오리훈제야채무침,바나나(손),,2
굴소스해물볶음밥,식빵피자토스트,계란파국,깍두기,요구르트,비엔나토마토,,,,2
쌀밥,근대된장국,미니메이플피칸파이,삼치구이,배추김치,야채어묵조림,사과,우유,,3
쌀밥,건새우미역국,상추겉절이,오,불고기떡볶음,배추김치,가래떡구이,비엔나토마토,,1
쌀밥,단호박수제비국,오징어젓갈,함박스테이크소스,배추김치,방울토마토,우유,딸기파이,함박스테이크,2
참치야채비빔밥,단호박죽,방아멸치시락국,배추김치,오렌지,하루야채,,,,2
흑미찹쌀밥,애호박된장찌개,숙주나물,비빔만두,알감자조림,깍두기,파인애플,,,2
현미찹쌀밥,맑은콩나물국,오이생채,호두아몬드볶음,오징어볶음,미니메이플피칸파이,배추김치,우유,사과,2
해물칼국수,단무지,배추김치,인절미,방울토마토,요구르트(이오),,,,1
쌀밥,근대된장국,오이스틱,무쌈,배추김치,오리불고기,황도,,,1
쌀밥,버섯전골,취나물된장무침,파프리카해물완자전,배추김치,우유,사과,버섯전골,,2
차조밥,콩비지찌개,감자채볶음,시금치나물,코다리강정/두반장,배추김치,퓨어(저지방),,,2
콩나물비빔밥,시레기된장국,깍두기,깨찰빵,요구르트,파인애플,,,,2
쌀밥,유부된장국,숙주나물,피자치즈코든블루/데리소스,배추김치,브로컬리/초고추장,우유,사과,,3
현미찹쌀밥,등뼈감자탕,시금치나물,어린새송이버섯볶음,생선가스/타르타르소스,배추김치,멜론,,,3
쌀밥,알탕,감자채볶음,깐풍기(닭),배추김치,무생채,비엔나토마토,,,3
쇠고기떡국(냉면기),메추리알장조림,미니메이플피칸파이,배추김치,사과,우유,,,,2
쌀밥,단호박수제비국,알감자조림,미더덕해물찜,깍두기,파인애플,요플레,,,3
쌀밥,영계백숙마리,바나나(손),깍두기,오곡찐빵,요구르트(이오),,,,3
클로렐라쌀밥,시레기된장국,시금치나물,깍두기,계란후라이,미니메이플피칸파이,사과,볶음김치/김가루/계란,요플레,2
쌀밥,순두부찌개,오이생채,배추김치,감자채볶음,순대야채볶음,귤,,,2
쌀밥,맑은콩나물국,시금치나물,배추김치,사과,우유,삼겹살버섯볶음,초코머핀,,2
쌀밥,강된장찌개,닭다리구이,애호박나물,햄맛살야채전,배추김치,요구르트,,,2
쌀밥,조랭이떡국,곤약어묵조림,마파두부,브로컬리/초고추장,배추김치,오렌지,,,3
쌀밥,시레기된장국,미니메이플피칸파이,배추김치,표고돼지갈비찜,참나물,방울토마토,우유,,2
쌀밥,순두부찌개,안동찜닭,안동찜닭,콩나물무침(흰색),고구마튀김,배추김치,사과,,3
갈비산적아채볶음밥,계란파국,요구르트(딸기),깍두기,초코머핀,파인애플,,,,2
흑미찹쌀밥,근대된장국,깐쇼새우/칠리소스,사과,양배추,우유,슈슈케익,,,2
쌀밥,단호박수제비국,도토리묵무침,꽃게깐풍기,배추김치,숙주나물,파인애플,,,3
쌀밥,쇠고기미역국,오징어젓갈,감자채볶음,비엔나야채볶음(케첩조림),배추김치,우유,바나나(손),,2
쌀밥,참치김치찌개,돼지수육,양파와사비절임,깍두기,상추,오이고추,비엔나토마토,,2
미트스파게티,뿌리채소밥,유부된장국,양상추샐러드,깍두기,요구르트,,,,1
현미찹쌀밥,북어무채국,콩나물무침(흰색),햄구이,우유,참치김치볶음,깍두기,황도,,3
돈육콩나물국밥(냉면기),부추생채,깍두기,계란빵,검은콩두유,파인애플,,,,2
날치알김치볶음밥,부추달걀국,깍두기,치킨텐더야채크레페,사과,요구르트(딸기),,,,2
흑미찹쌀밥,부들어묵조림,함박스테이크,함박스테이크소스,배추김치,사과,우유,단호박수제비국,,1
쌀밥,애호박된장찌개,모듬잡채,계란장조림,콩나물무침(흰색),배추김치,망개떡,,,2
뿌리채소밥,우동,깍두기,호떡,방울토마토,,,,,1
흑미찹쌀밥,북어무채국,시금치나물,검은깨찐두부/돈육김치볶음,깍두기,우유,사과,초코머핀,,3
잔치국수,찹쌀꽈배기,깍두기,요플레,바나나(손),,,,,1
꽁보리밥,시레기된장국,숙주나물,배추김치,귤,미트스파게티,붕어빵,,,2
볶음김치/김가루/계란,유부된장국,계란후라이,미니메이플피칸파이,깍두기,우유,사과,아띠젤리,,2
쌀밥,시레기된장국,콩나물무침(흰색),새송이버섯구이,삼겹살오븐구이,배추김치,오렌지,상추/쌈장,,1
쌀밥,유부된장국,등심돈까스/데리소스,실곤약무침,양상추샐러드,배추김치,방울토마토,,,2
쌀밥,근대된장국,야채어묵조림,배추김치,프렌치토스트,요구르트(이오),포크소시지야채볶음,,,2
흑미찹쌀밥,참치김치찌개,참치김치찌개,시금치나물,만두탕수,깍두기,순대,,,1
비빔밥(계절),문어두부국,계란후라이,배추김치,초코머핀,방울토마토,돌스위티오파인쥬스,,,2
쌀밥,물만두국,연근땅콩조림,스크램블드에그,삼색소시지통구이/케첩,배추김치,우유,사과,,2
미트스파게티,유부된장국,양상추샐러드,깍두기,뿌리채소밥,바나나(손),,,,1
쌀밥,닭개장,콩나물무침(흰색),비빔만두,조기구이,배추김치,,,,3
미니메이플피칸파이,쌀밥,감자국,붉은오이무침,홍게살크레볼/케첩,배추김치,우유,사과,,2
쌀밥,육개장,애호박나물,깍두기,갈치무조림,닭야채볶음(떡),,,,1
해물김치볶음밥,북어무채국,알감자조림,배추김치,와플/딸기잼,요구르트(이오),방울토마토,,,2
쌀밥,북어계란국,북어계란국,비엔나꽈리볶음,콩나물무침(흰색),참치김치볶음,석박지,우유,사과,3
자장면(주찬),깨찰빵,달걀양파국,단무지,깍두기,요구르트,파인애플,,,1
쌀밥,맑은콩나물국,감자샐러드,배추김치,바나나(손),시금치나물,두루치기,,,2
쌀밥,사리곰탕(기숙사),연두부/양념장,붉은오이무침,배추김치,우유,사과,요플레,,1
꽁보리밥,시레기된장국,배추김치,궁중왕만두,치즈불닭,브로컬리,,,,3
뿌리채소밥,수제치킨버거,깍두기,유부된장국,요구르트(이오),방울토마토,,,,1
꽁보리밥,황태맑은국,시금치나물,김가루계란말이,배추김치,초코머핀,우유,파인애플,,3
쌀밥,청국장찌개,상추겉절이,애호박나물,배추김치,오리불고기,바나나(손),,,2
쌀밥,딸기파이,단호박수제비국,오징어젓갈,함박스테이크,배추김치,함박스테이크소스,우유,방울토마토,1
알감자조림,깍두기,흑미찹쌀밥,애호박된장찌개,단배추된장무침,닭야채볶음(떡),사과,,,2
참치야채비빔밥,유부된장국,깍두기,팥송편,오렌지,초코우유,,,,1
현미찹쌀밥,맑은콩나물국,오이생채,호두아몬드볶음,오징어볶음,미니메이플피칸파이,배추김치,우유,사과,2
인도커리덥밥,유부된장국,브리또,깍두기,과일샐러드,요구르트(딸기),,,,1
옥수수밥,부대찌개,애호박나물,송이버섯볶음,갈치구이/양념장,깍두기,바나나(손),,,3
쌀밥,참나물,버섯전골,버섯전골,완자전,배추김치,우유,사과,미니메이플피칸파이,3
쌀밥,순두부찌개,오이생채,배추김치,바나나(손),돈육떡볶음,감자채볶음,,,2
굴소스해물볶음밥,맑은콩나물국,비빔막국수,숙주나물,요구르트(이오),웨지감자구이/케첩,,,,1
쌀밥,유부된장국,브로컬리/초고추장,피자치즈코든블루/데리소스,배추김치,우유,사과,요플레,,3
현미찹쌀밥,등뼈감자탕,시금치나물,새송이야채무침,파래생선까스,배추김치,방울토마토,,,5
쌀밥,북어무채국,감자샐러드,참나물,깍두기,라볶이,파인애플,,,3
쇠고기떡국(냉면기),메추리알장조림,배추김치,우유,초코머핀,파인애플,,,,2
쌀밥,단호박수제비국,요플레,도토리묵,아귀찜,애호박나물,배추김치,,,3
비빔밥(계절),계란빵,오징어두부국,곤약어묵조림,깍두기,요구르트(이오),,,,2
햄구이,양상치, 치즈,월넛베이글,딸기우유,쌀밥,마늘쫑어묵볶음,깍두기,,2
현미찹쌀밥,콩비지찌개,해물파전(오징어만),감자채볶음,배추김치,곤약어묵조림,요플레,,,2
햄우엉야채볶음밥,유부된장국,배추김치,파인애플,식빵피자토스트,요구르트(딸기),,,,2
쌀밥,꽃게탕,연두부/양념장,시금치나물,닭야채볶음(떡),깍두기,우유,사과,딸기파이,4
옥수수밥,추어탕,궁중왕만두,상추겉절이,배추김치,바나나(손),고추부추전,,,3
쌀밥,육개장,붉은오이무침,깐풍기(닭),배추김치,도토리묵,,,,2
쌀밥,사리곰탕(기숙사),배추김치,우유,비엔나토마토,도라지 진미무침,버섯군만두(개),고구마파이,,2
갈비산적아채볶음밥,근대된장국,단호박고구마치즈그라탕,깍두기,토마토,요구르트(딸기),,,,2
현미찹쌀밥,짬뽕국,콩나물무침(흰색),고구마맛탕,배추김치,순대야채볶음,두부구이/양념장,,,2
군고구마,쌀밥,맑은콩나물국,시금치나물,삼겹살버섯볶음,배추김치,우유,바나나(손),,1
멸치김치찌개,쌀밥,애호박나물,장각구이,배추김치,햄맛살야채전,바나나(손),,,2
쌀밥,순두부찌개,안동찜닭,단배추된장무침,숙주나물,배추김치,,,,3
쌀밥,시레기된장국,우유,참나물,미니메이플피칸파이,배추김치,방울토마토,참치야채전,,2
자장라이스,달걀양파국,깍두기,후르츠탕수육,요구르트(이오),바나나(손),,,,1
꽁보리밥,꼬지어묵국,갈치무조림,김치전,단팥죽,깍두기,,,,2
흑미찹쌀밥,근대된장국,깐쇼새우/칠리소스,우유,사과,양배추,배추김치,알감자조림,,2
쌀밥,쇠고기무국,배추김치,마파두부덮밥,곤약어묵조림,브로컬리,귤,,,2
쌀밥,쇠고기미역국,오징어젓갈,비엔나야채볶음(케첩조림),감자채볶음,배추김치,우유,,,1
요구르트(이오),바나나(손),닭갈비야채볶음밥,계란파국,깍두기,핫케익,,,,2
콩나물비빔밥,시레기된장국,깍두기,깨찰빵,초코우유,사과,,,,1
현미찹쌀밥,북어무채국,콩나물무침(흰색),참치김치볶음,햄구이,깍두기,우유,사과,,3
부추생채,김치전,돈육콩나물국밥(냉면기),깍두기,검은콩두유,,,,,2
날치알김치볶음밥,부추달걀국,깍두기,치킨텐더야채크레페,요구르트(이오),바나나(손),,,,2
흑미찹쌀밥,단호박수제비국,부들어묵조림,함박스테이크,배추김치,함박스테이크소스,우유,바나나(손),숙주나물,1
쌀밥,애호박된장찌개,모듬잡채,계란장조림,배추김치,시금치나물,망개떡,,,2
뿌리채소밥,우동,깍두기,사과,호떡파이,,,,,1
쌀밥,참치김치찌개,두부조림,궁중떡볶이,배추김치,우유,사과,딸기파이,,1
현미찹쌀밥,김치콩나물국,옥수수야채계란찜,오리불고기,배추김치,아삭고추된장무침,,,,2
카레라이스,계란파국,깍두기,케이준치킨샐러드,요구르트(딸기),바나나(손),,,,1
쌀밥,오징어젓갈,배추김치,고기산적야채볶음,우유,쑥갓어묵국,요플레,사과,,2
혼합잡곡밥(조식),물만두국,연근땅콩조림,삼색소시지통구이/케첩,배추김치,스크램블드에그,우유,,,1
혼합잡곡밥(조식),꽃게탕,알감자조림,단배추된장무침,배추김치,닭야채볶음(떡),오렌지,,,3
클로렐라쌀밥,문어두부국,고추잡채/꽃빵,오이스틱,배추김치,곤약어묵조림,바나나(손),,,2
혼합잡곡밥(조식),조랭이떡국,붉은오이무침,계란찜,깍두기,사과,요플레,우유,,1
현미찹쌀밥,시레기된장국,비빔만두,갈치구이/양념장,양배추,깍두기,귤,,,2
새우살야채볶음밥,계란파국,배추김치,식빵피자토스트,요구르트(이오),비엔나토마토,,,,2
혼합잡곡밥(조식),북어계란국,비엔나꽈리볶음,콩나물무침(흰색),깍두기,우유,참치김치볶음,바나나(손),,2
굴소스해물볶음밥,맑은콩나물국,비빔막국수,웨지감자구이/케첩,애호박나물,배추김치,,,,1
혼합잡곡밥(조식),쑥갓어묵국,오이생채,돈육떡볶음,감자채볶음,배추김치,바나나(손),,,2
혼합잡곡밥(조식),감자국,브로컬리/초고추장,홍게살크레볼/케첩,배추김치,딸기,우유,김구이,,3
혼합잡곡밥(조식),등뼈감자탕,파래생선까스,배추김치,무생채,딸기,,,,3
현미찹쌀밥,참치김치찌개,감자샐러드,미나리나물,깍두기,라볶이,귤,,,1
혼합잡곡밥(조식),근대된장국,야채어묵조림,돈육김치볶음,미니메이플피칸파이,배추김치,우유,사과,,2
비빔밥(계절),오징어두부국,깍두기,계란빵,곤약어묵조림,요구르트(이오),,,,1
혼합잡곡밥(조식),단호박수제비국,오징어젓갈,함박스테이크,함박스테이크소스,배추김치,딸기파이,우유,방울토마토,2
혼합잡곡밥(조식),대구매운탕,청포묵김가루무침,두루치기,배추김치,겨울초겉절이,방울토마토,,,2
날치알김치볶음밥,북어무채국,애호박나물,깍두기,초코머핀,요구르트(이오),달걀후라이,,,2
현미찹쌀밥,맑은콩나물국,오이생채,미니메이플피칸파이,배추김치,우유,호두아몬드볶음,오징어볶음,사과,2
돈육콩나물국밥(냉면기),부추생채,김치전,깍두기,귤,,,,,1
혼합잡곡밥(조식),유부된장국,알감자조림,푸실리야채샐러드,등심돈까스/데리소스,배추김치,요구르트(이오),,,2
혼합잡곡밥(조식),버섯전골,취나물된장무침,배추김치,햄구이,우유,바나나(손),,,2
꽁보리밥,애호박된장찌개,배추김치,햄,콘계란찜,돈육떡볶음,톳두부무침,,,1
인도커리덥밥,다시마미소국,과일샐러드,깍두기,브리또,요구르트(이오),,,,1
혼합잡곡밥(조식),유부된장국,숙주나물,피자코돈블루/소스,배추김치,브로컬리/초고추장,사과,우유,,2
혼합잡곡밥(조식),낙지두부국,얼갈이나물,만두탕수,조기구이/양념장,배추김치,,,,3
햄우엉야채볶음밥,시레기된장국,메추리알떡볶이,김말이튀김,깍두기,요플레,,,,2
쇠고기떡국(냉면기),메추리알장조림,미니메이플피칸파이,배추김치,방울토마토,우유,,,,1
닭갈비야채볶음밥,계란파국,배추김치,연근조림,유기농포도쥬스,송편(인 개),,,,2
쌀밥,쇠고기미역국,오징어젓갈,칼슘깻잎육전,배추김치,감자햄볶음,우유,바나나(손),,1
혼합잡곡밥(조식),해물탕,두부조림,어묵송이버섯볶음,돈육떡볶음,깍두기,,,,2
오므라이스,유부된장국,멸치볶음,파인애플,배추김치,호떡파이,,,,1
흑미찹쌀밥,북어무채국,시금치나물,깍두기,우유,오렌지,검은깨찐두부/돈육김치볶음,,,2
영계백숙마리,깍두기,속배추겉절이,쌀밥,방울토마토,인절미,,,,3
혼합잡곡밥(조식),부대찌개,두부까스(창원과고),붉은오이무침,배추김치,연근조림,귤,,,1
볶음김치/김가루/계란,유부된장국,계란후라이,미니메이플피칸파이,깍두기,우유,아띠젤리,사과,,1
혼합잡곡밥(조식),사리곰탕(기숙사),오이부추생채,삼치구이,깍두기,깻잎지(완제),귤,,,3
현미찹쌀밥,강된장찌개,애호박나물,장각구이,배추김치,햄맛살야채전,요구르트(이오),햄맛살야채전,,2
혼합잡곡밥(조식),시레기된장국,도라지 진미무침,배추김치,김가루계란말이,멜론,초코머핀,,,2
비빔밥(계절),다시마미소국,배추김치,바나나(손),요구르트(이오),고구마튀김,,,,2
쌀밥,건새우콩나물국,배추김치,곤약어묵조림,마파두부덮밥,브로컬리/초고추장,귤,,,3
쇠고기떡국(냉면기),메추리알장조림,배추김치,우유,초코머핀,바나나(손),,,,1
흑미찹쌀밥,건새우미역국,알감자조림,양배추,비빔만두,깍두기,귤,,,2
참치야채비빔밥,유부된장국,깍두기,오렌지,팥송편,,,,,1
혼합잡곡밥(조식),애호박된장찌개,계란찜,비엔나야채볶음(케첩조림),배추김치,우유,방울토마토,단배추된장무침,,1
혼합잡곡밥(조식),야채쫄면(주찬),추어탕,감자야채전,깍두기,아삭이고추/쌈장,,,,2
브로컬리볶음밥,수제치킨버거,깍두기,딸기우유,귤,다시마미소국,,,,2
현미찹쌀밥,버섯전골,김구이(완제),두루치기,시금치나물,배추김치,우유,사과,,2
혼합잡곡밥(조식),등뼈감자탕,취나물된장무침,해물파전(오징어만),깍두기,요플레,,,,3
차조밥,멸치김치찌개,삼치구이,안동찜닭,시금치나물,깍두기,,,,3
혼합잡곡밥(조식),유부된장국,숙주나물,브로컬리/초고추장,피자치즈코든블루/데리소스,배추김치,우유,귤,,3
자장면(주찬),계란파국,단무지,깍두기,귤,버섯군만두(개),,,,1
주먹밥(개),잔치국수,배추김치,딸기,요구르트(이오),,,,,1
혼합잡곡밥(조식),물만두국,스크램블드에그,호두아몬드볶음,삼색소시지통구이/케첩,배추김치,우유,,,2
콩나물비빔밥,다시마미소국,깍두기,요구르트(이오),깨찰빵,바나나(손),,,,2
혼합잡곡밥(조식),쇠고기미역국,붉은오이무침,배추김치,비엔나야채볶음(케첩조림),알감자조림,우유,바나나(손),,2
혼합잡곡밥(조식),닭감자탕,두부구이/양념장,시금치나물,골뱅이무침/사리,깍두기,,,,3
삼겹살김치볶음밥,다시마미소국,깍두기,계란후라이,바나나우유,방울토마토,치즈케익,,,2
혼합잡곡밥(조식),시레기된장국,미니메이플피칸파이,참나물,배추김치,닭야채볶음(떡),우유,방울토마토,,2
혼합잡곡밥(조식),애호박된장찌개,옥수수야채계란찜,제육볶음,봄동나물(된장),배추김치,,,,1
주먹밥(개),맑은콩나물국,감자샐러드샌드위치,깍두기,요구르트,바나나(손),,,,1
쌀밥,사리곰탕(기숙사),배추김치,붉은오이무침,연두부/양념장,우유,딸기,,,2
꽁보리밥,청국장찌개,도토리묵무침,도라지오이무침,오리불고기,깍두기,,,,2
미트스파게티,뿌리채소밥,유부된장국,양상추샐러드,깍두기,요구르트(딸기),,,,1
혼합잡곡밥(조식),볶음김치/김가루/계란,달걀후라이,유부된장국,깍두기,우유,초코머핀,파인애플,,2
혼합잡곡밥(조식),쇠고기무국,궁중왕만두,고등어()자반구이,참나물,배추김치,,,,3
쌀밥,순두부찌개,안동찜닭,콩나물무침(흰색),고구마튀김,배추김치,사과,,,3
혼합잡곡밥(조식),꽃게탕,햄,콘계란찜,일미땅콩무침,새송이버섯구이,배추김치,바나나(손),우유,4
카레라이스,계란파국,장각구이,배추김치,요구르트(이오),귤,,,,1
혼합잡곡밥(조식),맑은콩나물국,시금치나물,배추김치,삼겹살야채볶음,우유,바나나(손),야채어묵조림,,2
현미찹쌀밥,애호박된장찌개,계란장조림,모듬잡채,시금치나물,망개떡,배추김치,,,2
갈비산적아채볶음밥,근대된장국,단호박고구마치즈그라탕,깍두기,토마토,요구르트(이오),,,,2
혼합잡곡밥(조식),애호박된장찌개,배추김치,마파두부덮밥,비엔나감자조림,아띠젤리,우유,,,1
영양밥,건새우콩나물국,치즈불닭,도토리묵,브로컬리/초고추장,배추김치,,,,2
혼합잡곡밥(조식),멸치김치찌개,오이스틱,배추김치,동태포전/양념장,파인애플,계란떡볶이,,,3
혼합잡곡밥(조식),육개장,깐쇼새우/칠리소스,양배추,배추김치,사과,우유,슈슈케익,,2
혼합잡곡밥(조식),짬뽕국,콩나물무침(흰색),고구마맛탕,배추김치,순대야채볶음,연근조림,,,2
혼합잡곡밥(조식),다시마미소국,등심돈까스/데리소스,실곤약무침,귤,배추김치,꽃맛살양상치샐러드,,,1
새우스크램블드에그볶음밥,북어무채국,배추김치,우유,오렌지,궁중왕만두,,,,3
혼합잡곡밥(조식),시레기된장국,배추김치,삼겹살버섯볶음,양파와사비절임,상추/쌈장,방울토마토,,,1
자장라이스,달걀양파국,후르츠탕수육,깍두기,요구르트(이오),바나나(손),,,,1
현미찹쌀밥,단호박수제비국,오징어젓갈,궁중떡볶이,우유,배추김치,방울토마토,미니메이플피칸파이,,2
혼합잡곡밥(조식),건새우미역국,콩나물겨자무침,안동찜닭,알감자버터구이,배추김치,귤,,,2
쌀밥,애호박된장찌개,오징어젓갈,감자채볶음,비엔나야채볶음,배추김치,바나나(손),,,2
비빔밥(취나물),문어두부국,문어두부국,계란후라이,배추김치,송편(인 개),방울토마토,,,1
현미찹쌀밥,오이무침(무색),미역줄기볶음,돈육김치볶음,깍두기,딸기우유,시금치된장국,,,2
쌀밥,딸기도넛,단호박수제비국,단호박수제비국,시금치나물,닭야채볶음(떡),배추김치,사과,,1
쌀밥,경단미역국,연근조림,겨울초겉절이,오리불고기,배추김치,,,,2
삼겹살김치볶음밥,냉이된장국,과일샐러드,배추김치,엔요,슈슈케익,,,,1
검정쌀밥구암,달래된장국,달래된장국,요플레,취나물된장무침,파프리카해물완자전,총각김치,금귤,,2
기장밥구암,근대된장국,돼지수육,상추겉절이,실곤약무침,배추김치,,,,2
옥수수밥,조랭이떡국,톳두부무침,죽순버섯볶음,새우까스/케첩,깍두기,오렌지,,,1
쌀밥,북어국,계란찜,브로컬리/초고추장,닭감자볶음,배추김치,딸기,,,3
흑미찹쌀밥,참치김치찌개,숙주나물,만두탕수,깍두기,순대,,,,2
꽁보리밥,꼬지어묵국,꼬지어묵국,미나리나물,도토리묵,오리불고기,깍두기,유기농포도쥬스,,1
떡강황만두국(한그릇),배추김치,윌요구르트,찹쌀밥,크렌베리멸치볶음,치킨스테이크+머스타드소스,감귤빵,,,2
수수밥,버섯매운탕국,간장닭갈비,청경채부추겉절이,돼지고기가 들어간 김치전,깍두기,딸기,,,2
찰옥수수밥,양송이크림스프,치즈통등심롤+데미글라스소스,모듬감자튀김,배추김치,사과치커리초무침,초코라떼,,,2
찹쌀밥,유부보쌈어묵국,미트볼떡조림,두부구이+양념장,배추김치,포도즙,바나나,,,2
혼합잡곡밥,오색옹심이미역국,오리불고기,파프리카잡채,배추김치,상추무쌈(feat쌈장),우유 큐브케익,,,2
통밀밥,감자수제비국,라볶이,파닭/파채소스,배추김치,아삭고추된장무침,초코볼토핑요거트,,,2
시나몬토스트,꿀뿌린 토마토,찹쌀밥,돈육김치찌개,계란찜,배추김치,마파두부,,,3
아이스홍시,기장밥,녹차돈육오븐구이+바베큐소스,배추김치,골뱅이소면무침,양배추케일쌈(표준년월),북어국,,,3
수수밥,짬뽕국(면),가마보꼬조림,무나물,탕수육,배추김치,츄러스,,,2
쌀밥,육개장,꽈리고추메추리알조림,공주밤찐빵,오렌지,손두부+김치볶음,석박지,,,2
단배추겉절이,배추김치,닭꼬치,제주식괴기국수,동글미니밥,랜덤라떼,딸기,,,1
찹쌀밥,오색물만두국,떡고기말이조림,오색찐빵,매운콩나물무침,배추김치,자몽주스,,,2
쌀밥,돼지국밥/다데기,부추겉절이,총각김치,오렌지,핫크리스피통살치킨,,,,2
현미밥,건새우아욱국,치즈불닭,콩나물무침,배추김치,골드키위,크림치즈고로케+케첩,,,2
새우살 호박나물,찹쌀밥,부대찌개,시금치프리타타,생딸기석류주스,모닝빵+딸기잼,깍두기,,,3
기장밥,닭다리삼계탕,오이치커리무침,석박지,아이스크림(딸기맛or바닐라맛),김치퀘사디아,,,,3
혼합잡곡밥,미소된장국,가지나물,양념족발,고등어카레구이,배추김치,사과(부사),,,3
쌀밥,수제찰보리빵,순두부찌개,파프리카오이샐러드,배추김치,귤,그릴크림치즈미트번,,,2
산채비빔밥,두부탕국,달걀후라이,배추김치,오징어먹물콤비네이션피자(조각),파인애플주스,,,,2
눈꽃치즈스테이크,찰옥수수밥,양상추황도샐러드,배추김치,딸기,양송이크림스프,치즈볼,,,2
군고구마,찹쌀밥,떡갈비피망볶음,깍두기,숙주애호박나물,도시락김,니모어묵국,씨없는포도,,3
쌀밥,시금치된장국,새우부추만두,오이생채,갈릭치킨,배추김치,수제망고요거트,,,2
훈제오리묶은지볶음밥,건새우근대국,감자조림,총각김치,스테이크대만치즈감자,마시는 젤리음료,,,,2
찹쌀밥,꽃게탕,순살닭간장조림,청경채부추겉절이,배추김치,계란품은토스트,키위,,,2
퐁크러쉬,수제왕새우튀김,삼색소보로덥밥(면기),백김치,조갯살된장국,,,,,2
쌀밥,참치김치찌개,비엔나페네칠리볶음,메추리알감자범벅,깍두기,마시는 요거트(♡),,,,2
겨울초겉절이,인델리카레라이스,건새우근대국,배추김치,닭강정,파인애플,,,,2
동글미니밥,그린샐러드딸기요거트드레싱,청포도플리또,로제스파게티,오이피클,갈릭바게트,배추김치,,,2
귤,닭살조랭이떡구이(추천-중고-봄),찹쌀밥,콩비지찌개,매운콩나물무침,깍두기,에그타르트,,,3
기장밥,매운순대국,석박지,딸기,오삼불고기,상추겉절이,가마보꼬조림,,,2
화인콜(자두),오색현미밥,단배추된장국,등갈비조림,카프라제치즈토마토카나페,알감자버터구이,배추김치,,,3
쌀밥,삼겹살김치찌개,베이컨스크램블에그,총각김치,후룻볼,트로피칼,파인애,삼치데리야끼조림,,3
검정쌀밥,감자수제비국,치즈불닭,오징어야채무침,애호박나물,배추김치,사과(부사),,,2
하와이안볶음밥,들깨무채국,달걀떡볶이,배추김치,생크림호떡,파닭간장꼬치,,,,1
찹쌀밥,쇠고기무국,마파두부,케이준치킨샐러드,배추김치,사과(부사),,,,2
자장면,단무지,오렌지,왕왕만두,단배추부추겉절이,도마슈노 요구르트,,,,1
흑미밥,근대된장국,파프리카오이초무침,치킨피자,배추김치,스프링감자,젤리파인애플음료,,,2
브로콜리어묵조림,밀크커스터드푸딩,귤,쌀밥,쇠고기국,배추김치,알감자스팸구이,,,3
불고기야채비빔밥(면기),달걀파국,배추김치,감자핫도그,메치니코프,,,,,2
쌀밥,부대찌개,오렌지,도시락김,배추김치,애플파이,계란찜,크렌베리멸치볶음,,2
석박지,오리훈제/머스터드,현미밥,콩가루배추국,고등어무조림,레몬무쌈,저농약사과즙,,,2
보리밥,두부된장국,청경채나물,주꾸미볶음,콘치즈떡갈비,배추김치,귤,,,3
찹쌀밥,떡국,허브치킨브로콜리볶음,연두부+양념장,배추김치,바나나개,,,,2
혼합잡곡밥,홍합탕,돼지수육+쌈장,감자피망전,석박지,상추,깻잎+쌈장,호상요구르트,,2
동글미니밥,탄탄면,시금치나물,깍두기,치킨또띠아,달콤한두유,,,,2
찹쌀밥,쇠고기계란탕,시리얼+우유,과일샐러드,치즈연어스테이크+양파크리미소,배추김치,,,,2
치아바타햄버거,모듬감자튀김,오라떼(사과,복숭아),양상추황도샐러드,,,,,1
쌀밥,삼겹살김치찌개,매운감자조림,고추잡채꽃빵,총각김치,오렌지,군고구마,,,2
충무김밥+오채어묵세트,잔치국수,석박지,라임레몬주스,순살강정꼬치,,,,,1
혼합잡곡밥,야채쫄면무침,우리밀꼬지어묵국,닭날개두반장조림,배추김치,시금치나물,오레오와플,,,2
찹쌀밥,들깨새알미역국,감자샐러드,돈육당면볶음,배추김치,쿠키번,방울토마토,,,3
기장밥,버섯매운탕국,콩나물무침,조기구이,배추김치,닭고구마조림,딸기,,,3
보리밥,시락국,애호박새우살볶음,배추김치,찹쌀떡,라따뚜이 파스타,겹치즈돈까스,,,2
쌀밥,만두국,훈제오리김치볶음,감자햄볶음,배추김치,애플파이,키위주스,,,2
달걀양파국,단무지,씨없는포도,자장잡채밥,납작비빔만두,배추김치,,,,2
수수밥,불닭볶음납작면,땡초콩나물국,청경채나물,돈바베큐구이,배추김치,요구르트,,,2
찹쌀밥,시금치프리타타,깍두기,크로크무슈,아침에먹는오렌지주스,쇠고기전골,고기김치군만두,,,3
검정쌀밥,시금치나물,돈육김치찜,배추김치,참치계란말이,매운어묵국,사과(부사),,,3
보리밥,사과오이초무침,배추김치,오리훈제/머스터드,딸기,얼큰수제비국,크림치즈고로케+케첩,,,2
찹쌀밥,참치김치찌개,감자샐러드,떡갈비조림,총각김치,모닝빵+딸기잼,,,,3
혼합잡곡밥,새우미역국,돼지수육+쌈장,파프리카잡채,상추+쌈배추+쌈장,배추김치,초코설기,,,2
달걀떡볶이,겨울초겉절이,배추김치,하와이안볶음밥,오렌지,김말이+만두튀김,들깨시락국,,,3
찹쌀밥,연두부+양념장,배추김치,골드키위,텐더샐러드,쇠고기계란탕,,,,2
인델리카레라이스,가쓰오장국,배추김치,브로콜리초회,유산균음료(락토바실러스),감자핫도그,,,,3
호상요구르트,찹쌀밥,알감자스팸구이,경단미역국,깍두기,돈육불고기,,,,3
현미밥,오색만두국,사과무생채,부추전,배추김치,닭강정,,,,2
흑미밥,볶음우동,새우콩나물국,애호박나물,양념족발,배추김치,화인콜(자두),,,2
찹쌀밥,쇠고기무국,매운감자조림,떡고기말이조림,배추김치,귤,,,,4
주먹밥,석박지,탄탄면,겨울초겉절이,닭꼬치(매콤바베큐소스),방울토마토,,,,1
찰옥수수밥,가지나물,납작비빔만두,배추김치,시금치된장국,돈바베큐구이,,,,2
찹쌀밥,두부된장국,순살닭볶음탕,스크램블에그,배추김치,롤케익(사과),,,,3
혼합잡곡밥,양송이크림스프,노블치즈돈까스,웨지감자-완제,배추김치,하와이안샐러드,,,,3
돼지국밥/다데기,부추겉절이,석박지,찹쌀밥,오렌지,삼치씨테이크+요구르트양파소스,,,,2
찹쌀밥,된장찌개,야채계란찜,비엔나치즈떡조림,배추김치,후룻볼,트로피칼,파인애,바나나개,2
보리밥,치즈불닭,시금치나물,모듬야채튀김+간장,배추김치,팽이된장국,,,,2
자장잡채밥,근대된장국,배추김치,반달단무지,파인애플,타코야끼,,,,2
쌀밥,쇠고기미역국,브로콜리어묵조림,마파두부,배추김치,시나몬토스트,,,,2
찹쌀밥,쇠고기미역국,크렌베리멸치볶음,치킨스테이크+머스타드소스,배추김치,호상요구르트,,,,2
차조밥,북어국,갑오징어포회,삼겹살마늘구이,배추김치,상추쌈+쌈장,사과(부사),,,3
오므라이스+스테이크소스,유부된장국,깍두기,단배추겉절이,닭다리오븐구이,오렌지,,,,3
찹쌀밥,닭개장,돈육메추리알조림,배추김치,과일샐러드,갈릭베이글,,,,2
참치야채비빔밥,유부미소국,참나물무침,백김치,고추납작군만두,씨없는포도,,,,3
버섯카로틴밥,짬뽕국,돼지고기가 들어간 김치전,배추김치,탕수육,숙주맛살나물 무침,요구르트,,,3
쌀밥,쇠고기국,파프리카오이샐러드,깐쇼새우/칠리소스,배추김치,초코라떼,,,,2
기장밥,오이양파무침,석박지,냉이된장국,해물자장우동,단호박돈육볶음,방울토마토,,,2
석박지,달걀파국,사과무생채,김치볶음밥,닭꼬치(매콤바베큐소스),오파주스,,,,3
찹쌀밥,오색떡국,돈육폭찹,총각김치,밀크프랑스빵,시저샐러드,,,,2
청경채부추겉절이,배추김치,허브치킨브로콜리볶음,차조밥,단호박고구마샐러드,단배추된장국,,,,3
자장면(중화면),반달단무지,딸기,상추겉절이,수제왕새우튀김,계란양파국,,,,2
찹쌀밥,부대찌개,새우살 호박나물,고구마프리타타,꼬마식빵,깍두기,,,,3
쌀밥,안동찜닭,단배추겉절이,꽃돔구이,배추김치,오렌지,해물칼국수,,,1
찹쌀밥,꽈리고추어묵볶음,깍두기,삼색소시지야채볶음,돈육김치찌개,수제찰보리빵,,,,3
차조밥,북어국,깍두기,수제순살깐풍기/소스,골드키위,두부양념구이,숙주애호박나물,,,2
수수밥,청경채겉절이,적셔먹는돈까스,배추김치,오지치즈후라이,김치우동,,,,3
석박지,찹쌀밥,육개장,그릴크림치즈미트번,감자샐러드,사과(부사),,,,2
곤드레밥+강된장,유부된장국,라따뚜이 파스타,치즈연어스테이크+양파크리미소,배추김치,,,,,2
현미밥,부대찌개,감자조림,깍두기,돼지갈비떡찜,양상추황도샐러드,군고구마,,,3
찹쌀밥,들깨무채국,오삼불고기,배추김치,귤,베이컨에그스크램,,,,2
콩나물밥,미소된장국,수제양념파닭,총각김치,호상요구르트,비타민겉절이,,,,2
보리밥,시락국,배추김치,찹쌀떡,새우부추만두,새송이콩나물무침,라볶이,,,3
쌀밥,만두국,훈제오리김치볶음,감자햄볶음,배추김치,애플파이,,,,3
자장잡채밥,달걀양파국,스틱단무지,청포도플리또,김치퀘사디아,깍두기,,,,2
쌀밥(표준),돼지국밥/다데기,청경채겉절이,석박지,바삭핫도그,화인콜(자두),,,,3
찹쌀밥,새우콩나물국,참치김치볶음,깍두기,크로크무슈,고구마프리타타,,,,3
혼합잡곡밥,조갯살미역국,돼지갈비떡찜,파프리카잡채,배추김치,상추깻잎쌈,오렌지,,,3
찹쌀밥,물만두국,청경채겉절이,돈육폭찹,배추김치,모닝빵+딸기잼,,,,2
검정쌀밥,모듬어묵국,숙주나물무침,닭강정,손두부+김치볶음,깍두기,오렌지,,,2
현미밥,팽이버섯된장국,양념족발,요구르트,배추김치,브로콜리어묵조림,실곤약샐러드,,,2
찹쌀밥,돈육김치찌개,수제너비아니구이,배추김치,과일샐러드,방울토마토,,,,3
기장밥,들깨무채국,돌나물무침,오삼불고기,감자피망전,배추김치,파인애플주스,,,3
버섯카로틴밥,바지락칼국수,비빔만두,참나물무침,꽃돔구이,배추김치,,,,3
찹쌀밥,순두부찌개,시저샐러드,버섯불고기,깻잎김치,사과(부사),,,,3
충무김밥+오채어묵세트,잔치국수,석박지,요구르트,소룡포만두+양념장,,,,,2
야채볶음밥,유부미소국,달걀떡볶이,배추김치,오렌지,김말이+만두튀김,,,,2
찹쌀밥,오징어무국,닭볶음탕,연두부+양념장,배추김치,오색찐빵,,,,2
혼합잡곡밥,바지락쑥국(용),감자조림,파채겉절이,삼겹살마늘구이,배추김치,사랑해주스(사과),,,3
보리밥,두부된장국,목이버섯겨자초무침,총각김치,허브치킨브로콜리볶음,감자고로케+양파요구르트소스,토마토,,,3
찹쌀밥,북어국,비엔나치즈떡조림,파래연근전,배추김치,키위,,,,3
수수밥,간장닭갈비,가마보꼬조림,사과오이초무침,배추김치,딸기,냉이된장국,,,3
발아현미밥,블루베리샐러드,감자튀김-크링클컷,김치치즈함박스테이크,배추김치,옥수수스프,라임레몬주스,,,2
찹쌀밥,유부보쌈어묵국,두부구이+양념장,배추김치,바나나,궁중식떡볶이,,,,2
자장밥,연두부국,단배추겉절이,배추김치,토네이도핫도그,마시는 젤리음료,,,,2
찹쌀밥,쇠고기미역국,연근땅콩조림,그릴크림치즈미트번,배추김치,오렌지,도시락김,,,3
보리밥,시금치된장국,파프리카오이샐러드,적셔먹는돈까스,배추김치,유산균음료(락토바실러스),감자치즈그라탕,,,3
찰옥수수밥,버섯된장국,가지나물,배추김치,춘천식닭갈비,어묵송이버섯볶음,츄러스,,,2
찹쌀밥,돈육김치찌개,애호박새우살볶음,치킨너겟+라임머스타드소스,총각김치,밀크프랑스빵,,,,3
검정쌀밥,두부탕국,겨울초겉절이,콩불,삼치구이+마늘데리야끼소스,배추김치,,,,4
발아현미밥,감자수제비국,순대야채볶음,닭꼬치(매콤바베큐소스),배추김치,딸기요구르트,,,,3
찹쌀밥,들깨시락국,미트볼떡조림,무말랭이오징어포무침,배추김치,과일넣은플레인요거트,,,,3
비빔밥,북어포무국,계란후라이,백김치,사과(부사),수제치즈어묵바,,,,3
기장밥,김치왕만두국,돼지수육,깍두기,상추깻잎쌈,골뱅이소면무침,,,,3
찹쌀밥,감자국,순살닭간장조림,올방개묵무침,배추김치,토마토,,,,3
현미밥,부추전,배추김치,장어국,돈육당면볶음,겨울초겉절이,,,,4
완두콩밥(용),청경채겉절이,닭다리굴소스구이,배추김치,고등어카레구이,맑은콩나물국,오파주스,,,3
찹쌀밥,동태매운탕,숙주나물무침,떡고기말이조림,배추김치,사과(부사),,,,3
혼합잡곡밥,무청시래기국,오리불고기,시금치프리타타,배추김치,상추깻잎쌈,,,,3
버섯카로틴밥,연두부국,비름나물,콘치즈떡갈비,배추김치,라따뚜이 파스타,호상요구르트,,,3
청포도샐러드,찹쌀밥,오징어삼겹살볶음,배추김치,달걀양파국,우유,,,,2
파래주먹밥,잔치국수,치킨또띠아,배추김치,사랑해주스(감귤),,,,,2
찹쌀밥,건새우아욱국,삼색소시지야채볶음,참치양파볶음,배추김치,오렌지,,,,3
곤드레밥+양념장,참나물무침,수제양념파닭,배추김치,버섯매운탕국,요구르트푸딩,,,,3
수수밥,오색만두국,애호박나물,돼지고기고추장볶음,배추김치,감자샐러드,,,,3
찹쌀밥,콩자반조림,배추김치,마파두부,사과(부사),부대찌개,,,,3
기장밥,등뼈감자탕,석박지,아삭고추된장무침,돈바베큐구이,샐러드파스타(푸실리+펜네),,,,4
동글미니밥,탄탄면,생선까스,배추김치,상추겉절이,상큼유자음료,,,,2
찹쌀밥,닭개장,돼지고기메추리알장조림,런천미트햄구이,배추김치,키위,,,,2
사과카레라이스,새우또띠아(타르타르드레싱),건새우무국,청경채겉절이,배추김치,호상요구르트,,,,2
발아현미밥,부추양파겉절이,양념갈비구이,총각김치,쑥국,고구마맛탕(feat치즈떡),,,,3
찹쌀밥,떡국,삼색두부+볶음김치,깍두기,고추잡채꽃빵,오렌지,,,,2
우동국,배추김치,김치볶음밥,오리훈제/머스터드,양상추샐러드(오리엔탈드레싱),,,,,2
찰옥수수밥,콩가루배추국,오이치커리무침,탕수육,깍두기,초코라떼,고기김치군만두,,,3
쌀밥,삼겹살김치찌개,베이컨스크램블에그,총각김치,삼치씨테이크+요구르트양파소스,아침에먹는오렌지주스,,,,3
보리밥,북어포계란국,골뱅이소면무침,상추쌈,배추김치,돈육불고기,씨없는포도,,,2
하와이안볶음밥,바지락된장국,단배추된장무침,치킨볼,총각김치,참다래쥬스,,,,2
찹쌀밥,야채계란찜,배추김치,시리얼+우유,과일샐러드,새우콩나물국,,,,1
주먹밥(김치참치),닭칼국수(냉면기),회오리감자,배추김치,딸기,,,,,1
찹쌀밥,어묵김치찌개,감자채볶음,수제소시지야채볶음,배추김치,사과,고구마파이,,,2
기장밥,석박지,오향장육,단배추된장국,야채계란찜,상추겉절이,조각파인애플(),,,2
찰옥수수밥,오색물만두국,청포묵무침,돈육폭찹,배추김치,해물자장우동,,,,3
찹쌀밥,건새우근대국,닭볶음탕,오이도라지생채,배추김치,공주밤찐빵,오렌지,,,3
쇠고기콩나물밥+양념장,연두부국,브로콜리참깨무침,치즈통등심롤+데미글라스소스,배추김치,시원한미숫가루,,,,3
스파게티,허니버터갈릭,양상추샐러드(오리엔탈드레싱),모짜렐라치즈스틱,배추김치,청포도사과음료,,,,1
찹쌀밥,새우미역국,비타민겉절이,고구마미트번+소스,배추김치,후룻볼,트로피칼,파인애,,3
참치야채비빔밥,유부미소국,닭꼬치,깍두기,씨없는포도,,,,,1
보리밥,시금치된장국,비벼먹는찜닭,사과무생채,배추김치,오지치즈후라이,,,,2
찹쌀밥,조랭이떡국,알감자조림,배추김치,치킨스테이크+머스타드소스,딸기,,,,3
현미밥,들깨무채국,연근땅콩조림,단호박돈육볶음,참치계란말이,깍두기,,,,3
오므라이스-지단,팽이버섯된장국,참나물무침,닭봉두반장조림,배추김치,토마토,,,,3
햄샌드위치,찹쌀밥,니모어묵국,배추김치,두부양념구이,오렌지,,,,2
차조밥,근대된장국,총각김치,돼지고기가 들어간 김치전,방울토마토,느타리콩나물무침,안동찜닭,,,2
찹쌀밥,닭개장,배추김치,토마토파인애플,연두부/양념장,양념(주간),도시락김,,,2
자색고구마밥,경단미역국,간장닭갈비,들깨숙주느타리무침,고등어카레구이,배추김치,오렌지,,,3
수수밥,새우콩나물국,돼지고기고추장볶음,배추김치,아삭고추된장무침,견과류모듬,새우부추찐만두/양념장,,,3
찹쌀밥,오색만두국,배추김치,딸기미니토마토,시금치베이컨볶음,도시락김,,,,2
보리밥,삼색수제비국,돼지갈비떡찜,야채계란찜,취나물무침,배추김치,,,,3
베이컨파래볶음밥,유부미소국,단배추겉절이,닭꼬치,깍두기,포테이토칩,,,,3
청경채부추겉절이,석박지,찹쌀밥,쇠고기국,감자샐러드,누룽지탕,,,,2
발아현미밥,콩가루쑥국,치즈불닭,파프리카잡채,배추김치,사과(부사),콩나물버섯냉채,,,2
배추김치,귀리쌀밥,단배추된장국,돼지고기목살수육/쌈장,친환경모듬쌈,마늘,버섯구이,,,2
찹쌀밥,콩나물무채국,달걀버섯장조림,배추김치,오이당근스틱+갈릭요거트소스,크로와상,,,,3
인델리카레라이스,건새우근대국,파프리카오이초무침,닭다리굴소스구이,배추김치,씨없는포도,,,,3
버섯카로틴밥,야채쫄면무침,달래된장국,상추무쌈(feat쌈장),오리훈제/머스터드,배추김치,,,,2
돈육김치찌개,닭고구마조림,과일샐러드,배추김치,시나몬토스트,귀리쌀밥,,,,3
혼합잡곡밥,쇠고기계란탕,감자채볶음,장어강정,배추김치,키위,,,,3
흑미밥,근대된장국,단호박고구마샐러드,치킨피자,배추김치,요구르트,,,,2
시리얼+우유,불고기버거,누룽지탕,오렌지,,,,,,1
오불덮밥,유부미소국,단배추된장무침,배추김치,아이스크림(딸기맛or바닐라맛),콘푸레이크핫도그,,,,2
찹쌀밥,들깨시락국,비타민적상추겉절이,불낙볶음,배추김치,양념(주간),치즈쌀케익,,,3
수수밥,새우콩나물국,상추쌈,오리불고기,삼치데리야끼조림,총각김치,,,,3
차조밥,쇠고기스프,시저샐러드,모듬감자튀김,치즈통등심롤+데미글라스소스,총각김치,,,,3
찹쌀밥,떡국,오이양파무침,삼색소시지야채볶음,갓김치,크로와상,,,,3
기장밥,순두부찌개,미나리나물,녹차돈육오븐구이+바베큐소스,배추김치,방울토마토,근대/케일쌈+쌈장,,,2
흑미밥,바지락미역국,사과오이초무침,라볶이,치킨직화구이,깍두기,,,,2
찹쌀밥,육개장,양상추파인애플소스무침,배추김치,감자홍게그라탕,딸기미니토마토,,,,3
오색현미밥,버섯된장국,메밀비빔국수,참나물무침,돈육불고기,배추김치,파인애플,,,3
밤밥,모듬어묵국,뼈없는닭갈비,오이치커리무침,고등어마요구이,배추김치,요구르트,,,3
찹쌀밥,돈육김치찌개,배추김치,궁중고기말이,토마토파인애플,도시락김,,,,3
단배추겉절이,파닭간장꼬치,배추김치,딸기,청포도플리또,자장면,찹쌀밥,,,2
수수밥,얼큰수제비국,도라지무침,돈육야채볶음,고추납작군만두,배추김치,,,,3
찹쌀밥,오색만두국,꽈리초감자조림,런천미트햄구이,배추김치,치즈쌀케익,,,,3
혼합잡곡밥,짬뽕국,도토리묵무침,탕수육,마카로니콘치즈,배추김치,,,,2
김치치즈필라프,달걀양파국,양배추겉절이,닭꼬치,배추김치,참다래쥬스,,,,2
계란품은토스트,시리얼+우유,오렌지,누룽지탕,,,,,,1
치킨마요덮밥,감자양파국,배추김치,골드키위,단호박핫도그,,,,,1
찹쌀밥,콩나물아욱국,날치알시금치계란말이/케찹,배추김치,떡갈비조림,양념(주간),사과(부사),,,3
가쓰오장국,계란찜,양배추쌈,오징어삼겹살볶음,총각김치,사과(부사),찹쌀밥,,,3
기장밥,들깨시락국,오이양파무침,냉채족발,치즈떡그라탕,배추김치,,,,2
찹쌀밥,닭개장,돈육메추리알조림,두부구이+양념장,배추김치,토마토,,,,2
수수밥,근대된장국,단호박돈육볶음,콩나물무침,부추전,깍두기,호상요구르트,,,3
혼합잡곡밥,미소된장국,양상추샐러드,모듬감자튀김,김치치즈함박스테이크,깍두기,,,,2
찹쌀밥,두부된장국,순살닭볶음탕,스크램블에그,배추김치,오렌지,,,,3
흑미밥,어묵국,꽈리고추찜,삼치씨테이크+요구르트양파소스,배추김치,토마토,쇠고기숙주나물,,,3
산채비빔밥,연두부국,달걀후라이,칠리소스닭날개구이,배추김치,화인콜(자두),,,,2
찹쌀밥,순두부찌개,시저샐러드,돈육훈제버섯오븐구이,깻잎김치,사과(부사),,,,2
녹두밥,팽이버섯된장국,가마보꼬조림,등갈비조림,가지나물,배추김치,,,,3
버섯카로틴밥,뼈다귀해장국,치즈불닭,봄동도토리묵무침,배추김치,엔요(블루베리),,,,3
스팸김치볶음,애플파이,유기농포도쥬스,찹쌀밥,사골떡국,깍두기,,,,3
찹쌀밥,단배추된장국,부추적양파무침,감자샐러드,닭강정,석박지,키위,,,3
자장잡채밥,근대된장국,배추김치,반달단무지,감자홍게그라탕,견과류모듬,,,,3
전복죽,일미채볶음,배추김치,시나몬토스트,파인애플주스,,,,,2
닭갈비야채볶음밥,단배추겉절이,깍두기,아이스요구르트슈스틱,떡베이컨말이,쇠고기계란탕,,,,2
쌀밥,쇠고기계란탕,견과류콩조림,삼색소시지볶음,배추김치,양념(주간),사과(부사),,,2
흑미밥,돼지국밥/다데기,돌나물무침,불고기퀘사딜라,석박지,방울토마토,,,,3
김치볶음밥,사과무생채,치킨+양파치즈크림소스,배추김치,초코라떼,단배추된장국,,,,2
쌀밥,쇠고기무국,팽이버섯나물,햄스크램블드에그,배추김치,모닝빵+딸기잼,,,,3
오곡밥,연두부국,새우부추만두,부추겉절이,훈제오리김치볶음,깍두기,,,,2
클로렐라쌀밥,단배추된장국,매운감자조림,파겉절이,돈육마늘구이,배추김치,오렌지,,,3
쌀밥,떡만두국,꽈리고추찜,마파두부,배추김치,치즈쌀케익,,,,3
버섯카로틴밥,불닭볶음납작면,장어국,콩나물무침,돈육폭찹,배추김치,,,,3
오색현미밥,된장찌개,팽이버섯부추나물,양념족발,감자고로케,배추김치,사과(부사),,,3
햄샌드위치,브로콜리로마노치즈스프,고구마맛탕(feat치즈떡),과일넣은플레인요거트,,,,,,1
삼겹살콩나물찜,새우살 호박나물,두부양념구이,배추김치,딸기,수수밥,떡국,,,3
스파게티,허니버터갈릭,리코타치즈토마토샐러드,배추김치,씨없는포도,청포도플리또,귀리쌀밥,,,2
찹쌀밥,닭개장,계란찜,배추김치,사과(부사),오이당근스틱+갈릭요거트소스,,,,3
파닭/파채소스,양념(주간),물국수,찹쌀밥,청포도플리또,잔배추겉절이,깍두기,,,2
참치주먹밥,단배추된장국,오이당근스틱+갈릭요거트소스,배추김치,팽이버섯버터구이,양념(주간),치즈쌀케익,,,3
혼합잡곡밥,새우미역국,상추무쌈(feat쌈장),오리불고기,배추김치,달걀버섯장조림,,,,2
파닭간장꼬치,깍두기,골드키위,찹쌀밥,우동,견과류모듬,,,,1
쌀밥,깐쇼새우/칠리소스,배추김치,미더덕어묵탕,크로와상,토마토파인애플,,,,1
현미밥,우사골순대,가마보꼬조림,신김치고등어조림,잔배추겉절이,오이소박이,,,,4
귀리쌀밥,아귀탕,달걀떡볶이,오징어 왕다리짱가라아게,참나물초무침,배추김치,사과한모금(음료),,,3
피쉬오믈렛(팡가시우스),현미밥,무채들깨국,두부청경채나물,모듬과일/그릭요거트,총각김치,,,,4
흑미밥,단배추된장국,국물없는 언양식돈불고기,마늘,버섯구이,친환경모듬쌈,배추김치,,,2
달걀파국,날치알김치볶음밥,소불고기오믈렛피자,색야채 아삭피클,깍두기,수박,,,,2
찹쌀밥,김치어묵국,브로콜리마늘볶음,배추김치,스크램블에그/베이컨구이,오렌지쥬스,,,,3
잔멸치깻잎볶음,현미밥,쇠고기영양탕,함박스테이크/나초로제크림소스,배추김치,파인애플,,,,3
찹쌀밥,닭다리백숙,오이지무침,총각김치,명랑한 핫도그,오렌지파인애플주스,,,,4
허니버터갈릭빵,북어국,찹쌀밥,색야채 아삭피클,시금치 토마토 샐러드,오렌지쥬스,,,,3
갈치순살튀김/타르타르소스,백김치,수수밥,안동찜닭,토마토,열무된장국,,,,3
네모참치미역국,애플망고/그릭요거트,미니치즈케익,찹쌀밥,런천미트햄볶음,배추김치,,,,2
양념(주간),돼지목살한입스테이크,흑미밥,시래기사골된장국,배추김치(깻잎김치),머위,상추쌈,잎새삼색쑥절편,,3
수제치즈돈까스,양상추파인애플소스무침,보리밥,콩나물무침(매콤),무채들깨국,배추김치,,,,3
오이소박이,찹쌀밥,순두부찌개,토마토,깻잎순무침,도시락김,팬케이크/메이플시럽,,,2
통곡물멸치볶음,현미밥,스위트어니언 참대구스테이크,총각김치,파인애플,사골곰탕(소면),,,,3
탄두리치킨양파구이 ,수수밥,콩가루배추국,오이도라지생채,츄러스,배추김치,,,,3
찹쌀밥,오징어찌개,베이컨숙주볶음,트윙클케익,배추김치,오렌지쥬스,,,,3
물국수,아삭고추된장무침,배추김치,(찹쌀밥),탕수육,오렌지,,,,2
모짜렐라핫도그,저당요구르트,대패삼겹살덮밥,근대된장국-소,깍두기,파프리카오이샐러드,,,,2
돈육김치찌개,찹쌀밥,모듬과일/그릭요거트,알감자고추장조림,화이트 수제소시지구이,배추김치,,,,3
상추,아삭고추,감자고추장찌개,콩나물버섯냉채,보리밥,삼겹살통마늘구이,골든키위,배추김치,,3
현미밥,맑은연두부탕,BBQ꼬꼬팝,블루베리무피클,배추김치,돌김자반,저당요구르트,,,1
찹쌀밥,두부구이/양념장,열무된장국,배추김치,시리얼+우유,토마토,,,,1
양념(주간),미소라멘,대만식 지파이,슬림슬라이스단무지,깍두기,저당요구르트,,,,2
크로와상,찹쌀밥,돈육김치찌개,청포묵김가루무침,배추김치,맛살계란찜,,,,2
상추,아삭고추,보리밥,콩나물아욱국,배추김치,오븐치즈감자전,시원한미숫가루,돼지고기목살수육/쌈장,,2
오이도라지생채,기장밥,쇠고기미역국,새우튀김 치킨볼/칠리소스,총각김치,청포도사과음료,,,,2
찹쌀밥,단배추된장국,시저샐러드,배추김치,애플망고/그릭요거트,허니버터갈릭빵,,,,2
기장밥,추어탕,칠리소스닭날개구이,브로콜리마요네즈무침,팽이버섯부추나물,총각김치,,,,3
꽃게된장국,보리밥,랍스타피자 롤카츠,색야채 아삭피클,케이준감자프라이,배추김치,,,,2
찹쌀밥,열무된장무침,사골떡국,건파래볶음,브런치감자토마토브로콜리샐러,배추김치,,,,3
흑미밥,유부보쌈어묵국,돼지갈비김치찜,도라지강정,오이소박이,참나물무침,,,,3
돼지목살한입스테이크,현미밥,오징어찌개,가지구이,퓨레뜨푸딩,배추김치,,,,3
찹쌀밥,순살코다리연근강정,감자국,김잔파무침,배추김치,토마토,,,,4
속청콩밥,콩나물무채국,양념족발,돌김자반,배추김치,호박무침,,,,3
사과카레라이스,달걀파국,사과오이초무침,파인애플주스,블루베리무피클,BBQ꼬꼬팝,,,,2
멜론,찹쌀밥,뼈없는동태국,오이소박이,달걀버섯장조림,미니치즈케익,,,,3
현미밥,육개장,납작비빔만두,도라지들깨가루볶음,배추김치,고등어카레구이,,,,3
수수밥,콩가루배추국,돈육김치찜,스위트어니언 참대구스테이크,배추김치,파인애플주스,,,,3
찹쌀밥,청포도샐러드,아삭고추된장무침,배추김치,유부김치수제비국,런천미트햄볶음,,,,3
아이스짜용(쭈쭈바),양념(주간),탄탄면,알감자버터구이,오이치커리무침,깍두기,(찹쌀밥),,,1
멸치올린김스넥,찹쌀밥,콩나물아욱국,배추김치,구슬감자/ 베이컨치즈,오렌지쥬스,,,,3
부추겉절이,보리밥,우사골순대,탕수육,총각김치,도토리묵/양념장,,,,3
옥수수밥,콩가루배추국,백김치,갈비레이 튀닭,블루베리샐러드,콩나물잡채,,,,4
맑은연두부탕,찹쌀밥,날치알시금치계란말이/케찹,양상추파인애플소스무침,트윙클케익,배추김치,,,,3
(찹쌀밥),깍두기,캔디떡,저당요구르트,수박,김치말이국수,,,,1
기장밥,감자국,돈육훈제버섯오븐구이,명랑한 핫도그,배추김치,청포도사과음료,,,,3
찹쌀밥,부대찌개,콩나물버섯냉채,배추김치,토마토,스크램블에그/베이컨구이,,,,3
스파게티,양송이크림스프,허니버터갈릭빵,수박,색야채 아삭피클,비비고야채주먹밥,,,,2
연두부/양념장,오렌지,찹쌀밥,쇠고기국,도라지표고버섯볶음,배추김치,,,,2
미니치즈케익,도시락김,북어국,찹쌀밥,배추김치,오렌지쥬스,,,,2
흑미밥,시금치된장국,깻잎순무침,쇠고기가지냉채,안동찜닭,배추김치,토마토,,,3
보리밥,네모참치미역국,베이컨숙주볶음,직화미트볼딥피자,배추김치,갑오징어돼지고기볶음,,,,2
크로와상,찹쌀밥,조랭이떡국,브런치감자토마토브로콜리샐러,화이트 수제소시지구이,배추김치,,,,3
보리밥,아귀탕,아삭고추된장무침,통곡물멸치볶음,돼지갈비떡찜,배추김치,저당요구르트,,,3
(찹쌀밥),나가사끼짬뽕,오이치커리무침,슬림슬라이스단무지,얼려먹는 눈꽃딸기 아이스,고구마맛탕,,,,2
찹쌀밥,김치어묵국,시금치베이컨볶음,토마토,배추김치,참치두부조림,,,,3
물국수,돈육훈제채소무침,총각김치,수박,배추겉절이,(찹쌀밥),,,,1
현미밥,김치어묵국,잔배추겉절이,국물없는 언양식돈불고기,순살코다리연근강정,상추,아삭고추,,,3
멜론,찹쌀밥,새알심만두국,배추김치,취나물무침,미트볼떡조림,,,,3
배추겉절이,슬림슬라이스단무지,저당요구르트,달걀파국,수제치즈돈까스,사천짜장밥,양념(주간),,,2
순두부찌개,색야채 아삭피클,갈비레이 튀닭,깍두기,기장밥,저당요구르트,멸치올린김스넥,,,4
오이소박이,허니버터갈릭빵,보리밥,쇠고기국,토마토,오렌지쥬스,,,,2
현미밥,신김치고등어조림,연근칩샐러드,총각김치,노각무침,돼지등뼈감자탕,,,,4
완두콩밥,북어국,쫄면채소무침,오리연탄불고기,배추김치,상추,아삭고추,짜먹는 젤리 애플,,3
현미밥,무채들깨국,두부청경채나물,총각김치,애플망고/플레인요구르트,체다스트링치즈,,,,2
슬림슬라이스단무지,대만식 지파이,깍두기,우동,요구르트,,,,,2
찹쌀밥,김치어묵국,브로콜리마늘볶음,스크램블에그/베이컨구이,배추김치,감귤주스,양념(주간),,,3
흑미밥,단배추된장국,배추김치,데리야끼소스탕수육,어향가지볶음,감자베이컨오븐구이,,,,3
완두콩밥,감자고추장찌개,오리오븐구이/어린잎샐러드,팽이버섯버터구이,와플(생크림오레오),백김치,,,,3
찹쌀밥,북어국,색야채 아삭피클,허니버터브레드(생크림),두부샐러드 ,토마토,,,,2
현미밥,쇠고기영양탕,배추김치,마늘쫑콩가루무침,오리연탄불고기,무쌈,,,,2
깍두기,수박,색야채 아삭피클,연어소보로덮밥,짬뽕국물 밀떡볶이,에끌레어초코,,,,2
찹쌀밥,네모참치미역국,런천미트햄볶음,배추김치,미니치즈케익,마늘쫑볶음,,,,3
(찹쌀밥),배추김치,아삭고추된장무침,닭쌀강정,하우스귤,물국수,,,,2
보리밥,무채들깨국,콩나물무침(매콤),배추김치,화인콜(음료),타코야끼,등심돈까스(어린잎샐러드),,,3
찹쌀밥,순두부찌개,오이소박이,토마토,호두멸치볶음,팬케??/메이플시럽),,,,3
수수밥,열무된장국,백김치,토마토,백조기순살구이,맥적구이샐러드,,,,3
수수밥,오이도라지생채,탄두리치킨양파구이 ,배추김치,씨앗호떡파이,짬뽕국,,,,3
찹쌀밥,오징어찌개,베이컨숙주볶음,배추김치,트윙클케익,하우스귤,,,,2
흑미밥,배추김치(깻잎김치),강된장,녹차돈육오븐구이+바베큐소스,상추,아삭고추호박잎,수제망고에이드,,,3
근대된장국-소,파프리카오이샐러드,깍두기,구슬아이스크림,대패삼겹살덮밥,우리쌀감자핫도그,,,,2
찹쌀밥,단배추된장국,허니버터갈릭빵,깻잎순무침,체다스트링치즈,오이소박이,양념(주간),,,3
현미밥,스위트어니언 참대구스테이크,총각김치,시래기사골된장국,단호박고구마샐러드,베이컨숙주볶음,,,,3
현미밥,맑은연두부탕,배추김치,블루베리무피클,순살빵가루닭꼬지,쑥아몬드찹쌀떡,,,,2
찹쌀밥,돈육김치찌개,크로와상,하우스귤,오이소박이,청포묵김가루무침,,,,3
기장밥,쇠고기미역국,오이도라지생채,토마토소스탕수만두,에그타르트,총각김치,,,,3
수수밥,배추김치,화인콜(음료),감자고추장찌개,떡단호박강정,쭈꾸미 볶음소면,,,,3
찹쌀밥,사골떡국,배추김치,브런치감자토마토브로콜리샐러,매운콩나물무침,돌김자반,,,,3
인델리카레라이스,달걀파국,코코넛땅콩버터맛오징어링,블루베리샐러드,총각김치,Dole 주스,,,,2
보리밥,꽃게된장국,배추김치,색야채 아삭피클,랍스타피자 롤카츠,케이준감자프라이,,,,2
찹쌀밥,감자국,김잔파무침,배추김치,토마토,코다리순살 고추장구이,,,,3
기장밥,추어탕,총각김치,순살치킨가라아게,멸치올린김스넥,상추부추겉절이,수박,,,3
속청콩밥,가쓰오장국,치즈포크롤또띠아,블루베리무피클,우리밀 마들렌,배추김치,,,,2
찹쌀밥,뼈없는동태국,달걀버섯장조림,오이소박이,멜론,미니치즈케익,,,,2
흑미밥,유부보쌈어묵국,도라지강정,참나물무침,오이소박이,파인애플,돼지갈비김치찜,,,4
현미밥,돼지목살한입스테이크,가지구이,배추김치,퓨레뜨푸딩,오징어찌개,,,,3
찹쌀밥,유부김치수제비국,청포도샐러드,배추김치,햄구이,사과고추부각,,,,3
(찹쌀밥),탄탄면,오이치커리무침,알감자버터구이,깍두기,아이스짜용(쭈쭈바),,,,2
찹쌀밥,콩나물아욱국,멸치올린김스넥,배추김치,팬케이크/메이플시럽,감귤주스,양념(주간),,,3
현미밥,육개장,납작비빔만두,도라지들깨가루볶음,고등어카레구이,배추김치,여름자두,,,4
수수밥,콩가루배추국,돈육김치찜,배추김치,초코쿠키,미트볼꼬지,,,,2
찹쌀밥,맑은연두부탕,배추김치,허니버터브레드(생크림),토마토,꽈리고추메추리알조림,,,,2
보리밥,도토리묵/양념장,총각김치,상추부추겉절이,데리야끼소스탕수육,우사골순대,,,,2
사과카레라이스,달걀파국,새우튀김 치킨볼/칠리소스,사과한모금(음료),배추김치,에끌레어초코,,,,1
찹쌀밥,부대찌개,콩나물버섯냉채,스크램블에그/베이컨구이,배추김치,토마토,,,,3
속청콩밥,콩나물무채국,호박무침,양념족발,배추김치,시원한미숫가루,,,,3
비비고야채주먹밥,양송이크림스프,스파게티,색야채 아삭피클,Dole 주스,견과류 강황꿔바로우,,,,2
찹쌀밥,쇠고기국,연두부/양념장,도라지표고버섯볶음,배추김치,오렌지,,,,3
(찹쌀밥),김치말이국수,깍두기,수박,캔디떡,에이스(요구르트),,,,1
옥수수밥,콩나물잡채,갈비레이 튀닭,백김치,가쓰오장국,청포도소르베,,,,4
쌀밥,미더덕어묵탕,배추김치,명엽채고추장볶음,미니치즈케익,미니토마토파인애플,,,,3
흑미밥,시금치된장국,안동찜닭,깻잎순무침,쇠고기가지냉채,배추김치,토마토,,,4
보리밥,네모참치미역국,갑오징어돼지고기볶음,배추김치,직화미트볼딥피자,상추,아삭고추,찰보리식혜,,4
브로콜리마늘볶음,배추김치,누룽지탕,시리얼+우유,주머니에그 샌드위치,,,,,2
다짐비비닭,근대된장국-소,웨지감자구이,깍두기,수박우유,,,,,3
찹쌀밥,미니치즈케익,오이소박이,돌김자반,감귤주스,양념(주간),북어국,,,3
보리밥,아귀탕,돼지갈비떡찜,배추김치,아삭고추된장무침,쫄면채소무침,,,,3
현미밥,김치어묵국,순살코다리연근강정,배추김치,사과한모금(음료),등심돈까스(어린잎샐러드),,,,3
찹쌀밥,조랭이떡국,화이트 수제소시지구이,배추김치,브런치감자토마토브로콜리샐러,호두멸치볶음,,,,3
속청콩밥,콩나물아욱국,오징어삼겹살볶음,상추,아삭고추,시원한미숫가루,백조기순살구이,배추김치,,3
(찹쌀밥),오이치커리무침,슬림슬라이스단무지,고구마맛탕,얼려먹는 눈꽃딸기 아이스,나가사끼짬뽕,,,,2
찹쌀밥,참치두부조림,시금치베이컨볶음,배추김치,토마토,쇠고기미역국,,,,3
수수밥,사골떡국,삼겹살청경채복음,두부샐러드 ,배추김치,명엽채고추장볶음,,,,2
기장밥,갈비레이 튀닭,깍두기,마늘쫑볶음,화인콜(음료),돼지국밥/다데기,,,,4
찹쌀밥,새알심만두국,미트볼떡조림,취나물무침,배추김치,멜론,,,,3
현미밥,순두부찌개,오리연탄불고기,백김치,양배추,다시마쌈,찰보리식혜,,,3
속청콩밥,오이지무침,총각김치,오렌지파인애플주스,열무된장국,치즈얹은 함박스테이크,,,,2
찹쌀밥,런천미트햄볶음,배추김치,미니치즈케익,돈육김치찌개,애플망고/플레인요구르트,,,,3
녹두밥,닭다리백숙,알감자버터구이,총각김치,하우스귤,매실생깻잎양념무침,,,,4
귀리쌀밥,달걀떡볶이,백김치,치즈얹은미트볼,오이,풋고추/쌈장,쇠고기국,,,3
찹쌀밥,오징어찌개,베이컨숙주볶음,배추김치,트윙클케익,감귤주스,,,,4
사천짜장밥,짬뽕국물 밀떡볶이,슬림슬라이스단무지,배추김치,화인쿨,,,,,2
찹쌀밥,배추김치,콩나물무침(매콤),새우볼/칠리소스,꼬마밤식빵/딸기쨈,순두부김치찌개,,,,3
흑미밥,단배추된장국,배추김치,김치치즈스테이크,거봉,깻잎순무침,꽈리고추오징어채볶음,,,3
백김치,완두콩밥,감자고추장찌개,안동찜닭,파인애플,새우명태살튀김(양상추샐러드),,,,3
찹쌀밥,허니버터브레드(생크림),청경채 고기완자조림 ,배추김치,마파두부,닭계장,,,,5
현미밥,쇠고기영양탕,도토리묵김치무침,총각김치,채소모듬쌈,흑초소스오리불고기,치즈연어구이,,,3
짬뽕국물 밀떡볶이,깍두기,수박,티라미수아이스케이크,갈비군만두,날치알김치볶음밥,,,,3
찹쌀밥,배추김치,블루베리머핀,팽이버섯버터구이,연두부/양념장,쇠고기국,,,,3
하우스귤,배추겉절이,잡채밥/자장소스,달걀파국,알감자버터구이,,,,,2
보리밥,콩나물무침(매콤),타코야끼,배추김치,화인콜(음료),바베큐맛닭다리살구이,육개장,멜론,,3
찹쌀밥,오이소박이,명엽채고추장볶음,감자채볶음,크로크무슈,돈육김치찌개,,,,3
곤드레영양밥,찐옥수수,통살새우바또띠아,배추김치,건새우국,,,,,3
수수밥,오이도라지생채,탄두리치킨양파구이 ,배추김치,케이준감자프라이,참치감자고추장찌개,가나초코릿우유,,,3
찹쌀밥,베이컨숙주볶음,트윙클케익,새알심만두국,참치김치볶음,멜론,,,,3
흑미밥,상추,아삭고추호박잎,녹차돈육오븐구이+바베큐소스,배추김치(깻잎김치),콩나물무채국,하우스귤,,,3
찹쌀밥,오이소박이,양념(주간),오곡스틱빵/갈릭소스,순두부찌개,돈육훈제숙주볶음,참나물무침,,,3
현미밥,총각김치,사골곰탕(소면),칠리소스감자튀김,매운닭양파크림소스,오이도라지무침,,,,3
배추김치,블루베리무피클,문어너비아니,(찹쌀밥),김치스팸라면,자두에이드,,,,2
찹쌀밥,돈육김치찌개,크로와상,백김치,알감자고추장조림,버섯간장떡볶이,,,,3
기장밥,쇠고기미역국,매실생깻잎양념무침,새송이버섯호박구이/양념장,오리훈제구이/어린잎샐러드,수박,,,,4
대패삼겹살덮밥,근대된장국-소,파프리카오이샐러드,깍두기,빅구슬아이스크림,하우스귤,,,,3
찹쌀밥,사골떡국,참치두부조림,오이볶음,꼬마밤식빵/딸기쨈,갓김치,,,,3
블루베리샐러드,코코넛땅콩버터맛오징어링,배추김치,김치말이국수,(찹쌀밥),샐러드주스,,,,2
보리밥,꽃게된장국,배추김치,달걀떡볶이,단호박돈육볶음/파채무침,사과한모금(음료),,,,3
찹쌀밥,배추김치,미트볼떡조림,팬케이크/메이플시럽,맛살계란찜,쇠고기국,,,,2
기장밥,추어탕,상추부추겉절이,순살치킨가라아게,수박,배추김치,떡단호박강정,,,3
속청콩밥,치즈포크롤또띠아,가쓰오장국,배추김치,하우스귤,돼지고기쭈꾸미 볶음소면,,,,3
찹쌀밥,뼈없는동태국,스크램블에그/베이컨구이,블루베리머핀,총각김치,도라지오징어포무침,,,,4
흑미밥,유부보쌈어묵국,오이소박이,파인애플,장어양념구이,훈제오리김치볶음,,,,3
현미밥,오징어찌개,배추김치,닭다리우리쌀오븐구이,깻잎순무침,청경채 고기완자조림 ,자두에이드,,,4
찹쌀밥,유부김치수제비국,햄구이,배추김치,매운콩나물무침,딸기바나나/플레인요구르트,,,,3
오이치커리무침,깍두기,여름자두,Dole 주스,비빔메밀막국수,,,,,1
찹쌀밥,콩나물아욱국,팬케이크/메이플시럽,양념(주간),청경채떡갈비조림,참치김치볶음,김(개별포장),,,2
현미밥,육개장,배추김치,호박무침,납작만두/떡볶이소스,고등어무조림,,,,3
수수밥,미트볼꼬지,배추김치,화인콜(음료),순두부찌개,단호박돈육볶음/파채무침,,,,3
찹쌀밥,맑은연두부탕,꽈리고추메추리알조림,배추김치,우엉연근 너비아니,오곡스틱빵/갈릭소스,,,,2
보리밥,도토리묵/양념장,상추부추겉절이,총각김치,닭다리백숙,토마토소스탕수만두,,,,4
달걀파국,배추김치,사과한모금(음료),수제오징어튀김,옥수수버터구이,인델리카레라이스,,,,2
찹쌀밥,부대찌개,노각무침,딸기바나나/플레인요구르트,감자채카레볶음,달걀버섯장조림,,,,2
속청콩밥,콩나물무채국,배추김치,시원한미숫가루,단호박구이,돈육훈제구이/채소샐러드,청포묵김가루무침,,,3
견과류 강황꿔바로우,스파게티(부식),닭계장,총각김치,찹쌀밥,티라미수아이스케이크,,,,1
찹쌀밥,쇠고기국,연두부/양념장,도라지표고버섯볶음,배추김치,트윙클케익,,,,2
(찹쌀밥),깍두기,수박,짜장면,슬림슬라이스단무지,갈비군만두,,,,1
옥수수밥,가쓰오장국,허니오곡소르베,브로콜리마요네즈무침,총각김치,오징어삼겹살볶음,순살코다리연근강정,,,3
쌀밥,미더덕어묵탕,미니치즈케익,갓김치,느타리버섯무나물,훈제오리김치볶음,,,,3
다짐비비닭,근대된장국-소,깍두기,오이치커리무침,파인애플,의령망개떡,,,,3
찹쌀밥,북어국,오이소박이,미니치즈케익,양념(주간),훈제오리김치볶음,김(개별포장),,,2
보리밥,돼지갈비떡찜,배추김치,아삭고추된장무침,참치감자고추장찌개,두부샐러드 ,,,,3
현미밥,김치어묵국,등심돈까스(어린잎샐러드),배추김치,사과한모금(음료),고등어카레구이,,,,4
찹쌀밥,조랭이떡국,화이트 수제소시지구이,배추김치,참나물무침,블루베리머핀,,,,3
속청콩밥,상추,아삭고추,배추김치,하우스귤,감자베이컨오븐구이,육개장,돈육훈제구이(토마토소스),,3
(찹쌀밥),나가사끼짬뽕,오이치커리무침,슬림슬라이스단무지,망고오렌지 아이스바,치킨브리또,,,,1
찹쌀밥,쇠고기미역국,참치두부조림,시금치베이컨볶음,배추김치,크로와상,,,,3
흑미밥,깻잎순무침,꽈리고추오징어채볶음,배추김치,돼지국밥/다데기,매운치즈계란말이,,,,4
완두콩밥,백김치,계란얹은 함박스테이크,자두에이드,새송이버섯구이/양념장,뼈없는동태수제비국,,,,2
찹쌀밥,청경채 고기완자조림 ,쇠고기국,두부전(케찹),우리밀우유만주,배추김치,양념(주간),,,3
현미밥,도토리묵김치무침,총각김치,불고기타코,우엉땅콩조림,짬뽕국물 밀떡볶이,,,,4
깍두기,수박,소떡소떡,게살볶음밥,메밀소바(국),에이스(요구르트),,,,2
배추김치,미니새우버거,비비고야채주먹밥,달걀파국,하우스귤,,,,,1
배추겉절이,비빔밥(계란후라이),유부국,아삭고추된장무침,여름자두,찰보리식혜,,,,2
찹쌀밥,콩나물무침(매콤),새우볼/칠리소스,배추김치,미니바닐라파이,감자고추장찌개,양념(주간),,,3
흑미밥,녹차돈육오븐구이+바베큐소스,우리쌀꼬치어묵국,백김치,상추,무쌈,명엽채고추장볶음,,,1
수수밥,오이도라지생채,배추김치,오리훈제구이/머스터드,문어너비아니,우동국,,,,3
찹쌀밥,돈육김치찌개,감자채볶음,오이소박이,피쉬너겟,사과롤케익,,,,3
통살새우바또띠아,건새우국,배추김치,비벼먹는찜닭,찹쌀밥,수박,,,,3
현미밥,오징어찌개,청경채 고기완자조림 ,깻잎순무침,배추김치,매운맛멘츠카츠,,,,4
찹쌀밥,참치김치볶음,트윙클케익,차돌박이고추장찌개,바삭한돈강정,오이생채,,,,3
현미밥,오이도라지무침,매운닭양파크림소스,총각김치,짜장소스 밀떡볶이,콩나물무채국,,,,3
(찹쌀밥),김치스팸라면,배추김치,블루베리무피클,닭다리살꼬치,에이스(요구르트),,,,1
찹쌀밥,알감자고추장조림,버섯간장떡볶이,백김치,쇠고기국,미니블루베리치즈파이,,,,4
기장밥,뼈해장수제비국,배추김치,수제망고에이드,돈육훈제구이/채소샐러드,임실치즈매콤소시지,,,,4
근대된장국-소,파프리카오이샐러드,깍두기,하우스귤,빅구슬아이스크림,꽈리고추삼겹살덮밥,,,,3
찹쌀밥,사골떡국,꼬마밤식빵/딸기쨈,대패삼겹두부조림,팽이버섯버터구이,갓김치,,,,4
(찹쌀밥),블루베리샐러드,배추김치,치즈불닭퀘사디아,초계국수,수박,,,,1
찹쌀밥,쇠고기국,배추김치,우리밀우유만주,고추어묵고르케(케찹),명란계란찜,양념(주간),,,2
기장밥,떡단호박강정,배추김치,파닭,가지볶음,두부탕국,,,,3
속청콩밥,치즈포크롤또띠아,가쓰오장국,돼지고기쭈꾸미 볶음소면,배추김치,수박,,,,3
찹쌀밥,뼈없는동태국,도라지오징어포무침,총각김치,블루베리머핀,문어너비아니볶음,,,,4
흑미밥,장어양념구이,골뱅이소면무침,백김치,파프리카오이/쌈장,유부보쌈어묵국,,,,3
보리밥,꽃게된장국,단호박돈육볶음/파채무침,달걀떡볶이,배추김치,사과한모금(음료),,,,3
찹쌀밥,콩나물아욱국,청경채떡갈비조림,김(개별포장),훈제오리김치볶음,팬케??(딸기쨈),,,,3
현미밥,고등어무조림,배추김치,국물닭갈비/순대,참나물무침,북어국,,,,5
수수밥,배추김치,화인콜(음료),우동해물볶음,돈육훈제로 만든 피자,초계탕,,,,3
찹쌀밥,맑은연두부탕,꽈리고추메추리알조림,우엉연근 너비아니,배추김치,미니바닐라파이,,,,4
보리밥,닭다리백숙,도토리묵/양념장,상추부추겉절이,토마토소스탕수만두,총각김치,,,,3
배추김치,츄러스,치킨마요덮밥,오이,풋고추/쌈장,유부국,수박,,,2
찹쌀밥,부대찌개,노각무침,감자채카레볶음,오징어바,백김치,,,,3
속청콩밥,배추김치,연근조림,거봉,뼈해장수제비국,매운돼지갈비콩나물찜,,,,3
찹쌀밥,닭계장,견과류 강황꿔바로우,총각김치,라이스 크림스파게티,플리또,,,,2
찹쌀밥,김치만두국,취나물무침,미트볼떡조림,백김치,감귤주스,,,,4
해산물쌀국수,오이생채,슬림슬라이스단무지,자두에이드,(찹쌀밥),,,,,1
찹쌀밥,트윙클케익,두부구이/양념장,우엉땅콩조림,오이생채,미더덕어묵탕,양념(주간),,,3
흑미밥,장어국/소면,맛살계란찜,돼지갈비김치찜,하우스귤,백김치,,,,3
옥수수밥,가쓰오장국,브로콜리마요네즈무침,오징어삼겹살볶음,총각김치,새우튀김 치킨볼/칠리소스,,,,4
갓김치,미니새우버거,누룽지탕,충무김밥,하우스귤,,,,,1
다짐비비닭,근대된장국-소,오이치커리무침,깍두기,파인애플,감자고르케(크림소스),,,,3
현미밥,매운맛멘츠카츠,고등어카레구이,마늘,양송이구이,배추김치,닭계장,,,4
찹쌀밥,김(개별포장),가마보꼬조림,사과롤케익,배추김치,김치만두국,,,,2
(찹쌀밥),짜장면,슬림슬라이스단무지,깍두기,캔디떡,여름자두,,,,3
배추겉절이,치킨브리또,날치알김치볶음밥,무채들깨국,플리또,블루베리샐러드,,,,3
찹쌀밥,조랭이떡국,참나물무침,화이트 수제소시지구이,배추김치,블루베리머핀,,,,4
속청콩밥,감자베이컨오븐구이,상추,아삭고추,돈육훈제구이(토마토소스),배추김치,두부탕국,,,3
보리밥,상추부추겉절이,총각김치,치킨탕수육,에이스(요구르트),쇠고기국밥,,,,2
찹쌀밥,배추김치,돌김자반,경단미역국,별모양미니스테이크,팬케??(딸기쨈),,,,2
보리밥,북어국,통곡물멸치볶음,닭날개단호박구이,문어너비아니,배추김치,,,,5
수수밥,배추김치,연근조림,연두부된장찌개,명태살버터치즈구이,쫄면채소무침,,,,5
햄구이,시리얼+우유,백김치,김가루멸치주먹밥,바삭한돈강정,,,,,1
물국수,깍두기,플리또,(찹쌀밥),치킨너겟,,,,,1
찹쌀밥,쇠고기국,연두부/양념장,배추김치,햄구이,트윙클케익,양념(주간),,,2
현미밥,배추김치,콩나물꼬끼오불고기(쌈무),연두부된장찌개,골든키위,삼치포강정,,,,1
수수밥,콩가루배추국,돈육김치찜,배추김치,고등어무조림,바게트불고기피자,,,,4
찹쌀밥,삼색수제비국,두부전(케찹),팬케이크(딸기쨈),돈육김치볶음,바나나,,,,2
속청콩밥,콩나물아욱국,상추,아삭고추,오징어삼겹살볶음,배추김치,대추방울토마토,두부구이/양념장,,3
현미밥,김치어묵국,배추김치,간장닭갈비,양상추파인애플소스무침,수제오징어튀김,,,,3
찹쌀밥,쇠고기미역국,미니치즈케익,하우스귤,돈육훈제숙주볶음,상추부추겉절이,,,,3
아삭고추된장무침,거봉,구워먹는고다치즈스틱,깍두기,(찹쌀밥),에이스(요구르트),우동,,,2
기장밥,돼지국밥/다데기,갈비레이 튀닭,깍두기,Dole 주스,파프리카오이/쌈장,,,,2
찹쌀밥,미트볼떡조림,취나물무침,배추김치,우리밀우유만주,만두육개장,,,,3
현미밥,순두부찌개,양배추,다시마쌈,백김치,갈비군만두,오리불고기,,,3
속청콩밥,열무된장국,치즈얹은 함박스테이크,총각김치,오렌지파인애플주스,버섯간장떡볶이,,,,4
찹쌀밥,배추김치,애플망고/플레인요구르트,김(개별포장),오징어찌개,별모양미니스테이크,,,,2
녹두밥,총각김치,매운치즈계란말이,떡국,탕수육,새송이버섯구이/양념장,오이생채,,,3
귀리쌀밥,백김치,코코넛야채크로켓,짬뽕국물 밀떡볶이,파닭,오이,풋고추/쌈장,,,3
참치김치볶음,참나물무침,김가루멸치주먹밥,크로크무슈,감귤주스,,,,,3
(찹쌀밥),탄탄면,깔라만시 코코젤리,깍두기,치킨너겟,,,,,1
찹쌀밥,감자고추장찌개,콩나물무침(매콤),배추김치,양념(주간),깐풍새우,쿠키번,,,2
흑미밥,상추,무쌈,백김치,마카로니치즈그라탕,연두부된장찌개,삼겹살통마늘구이,파채무침,,1
수수밥,오이도라지생채,오리훈제구이/머스터드,배추김치,쏘야라면볶음,가쓰오장국,,,,2
찹쌀밥,돈육김치찌개,감자채볶음,오이소박이,우리사과파이,곤드레메밀전병,,,,3
찹쌀밥,건새우국,배추김치,김치전,두부청경채나물,적셔먹는돈까스,,,,5
현미밥,오징어찌개,깻잎순무침,배추김치,비벼먹는찜닭,우리밀소보로슈,임연수어포카레구이,,,1
찹쌀밥,차돌박이고추장찌개,참치김치볶음,바삭한돈강정,트윙클케익,새송이어묵볶음,,,,4
(찹쌀밥),물국수,배추겉절이,오이,풋고추/쌈장,해물누룽지탕,하우스귤,,,1
배추김치,블루베리무피클,연어소보로덮밥,우리쌀꼬치어묵국, 시리얼 요거트,비비고 한섬만두,,,,3
찹쌀밥,쇠고기국,버섯간장떡볶이,백김치,두부돈육전,미니바닐라파이,,,,2
기장밥,뼈해장수제비국,배추김치,우엉땅콩조림,김치치즈스테이크,양배추쌈,,,,3
파프리카오이샐러드,깍두기,하우스귤,대패삼겹김치볶음덮밥,우리밀초코케이크,메밀소바(국),,,,3
찹쌀밥,사골떡국,팽이버섯버터구이,갓김치,꼬마밤식빵/딸기쨈,두부데리야끼소스볶음,,,,3
비빔밥(계란후라이),유부국,배추겉절이,찰보리식혜,아삭고추된장무침,거봉,,,,2
현미밥,비엔나소시지구이(케찹),총각김치,참나물겉절이,탄두리치킨 ,열무된장국,,,,3
계란토스트,시리얼+우유,햄구이,색야채 아삭피클,하우스귤,,,,,1
게살볶음밥,소떡소떡,깍두기,에이스(요구르트),근대된장국-소,,,,,1
찹쌀밥,쇠고기국,명란계란찜,고추어묵고르케(케찹),배추김치,우리밀우유만주,양념(주간),,,3
기장밥,두부탕국,가지볶음,배추김치,가자미포구이,허니닭날개구이,,,,4
속청콩밥,가쓰오장국,배추김치,치즈오븐스파게티,순대양파(쌈장),양배추쌈,,,,2
찹쌀밥,뼈없는동태국,도라지오징어포무침,총각김치,블루베리머핀,오색어묵볶음,,,,3
흑미밥,유부보쌈어묵국,파프리카오이/쌈장,매실생깻잎양념무침,탕수육,두부/돈육볶은김치,,,,3
보리밥,꽃게된장국,배추김치,사과한모금(음료),라볶이(오징어튀김),닭다리살꼬치,,,,2
찹쌀밥,콩나물아욱국,청경채떡갈비조림,훈제오리김치볶음,김(개별포장),수제찰보리빵,,,,3
현미밥,북어국,고등어무조림,참나물무침,배추김치,깐풍매운닭,,,,5
수수밥,우동해물볶음,배추김치,치즈불닭,돼지고기짜글이찌개,김잔파무침,,,,2
찹쌀밥,맑은연두부탕,꽈리고추메추리알조림,우엉연근 너비아니,배추김치,미니바닐라파이,,,,4
보리밥,상추부추겉절이,총각김치,우사골순대,알감자고추장조림,매운돼지갈비콩나물찜,,,,3
치킨마요덮밥,유부국,오이,풋고추/쌈장,배추김치,큐브감자핫도그,에이스(요구르트),,,1
찹쌀밥,부대찌개,노각무침,백김치,호박찐빵,도톰동그랑땡,,,,3
거봉,속청콩밥,뼈해장수제비국,배추김치,뿌리채소카레볶음,우엉땅콩조림,족발/해파리냉채,,,2
찹쌀밥,닭계장,총각김치,납작비빔만두,돈육훈제버섯오븐구이,오이생채,,,,2
찹쌀밥,김치만두국,백김치,감귤주스,두부구이(마파소스),통마늘표고버섯볶음,,,,3
(찹쌀밥),해산물쌀국수,오이생채,슬림슬라이스단무지,하우스귤,,,,,1
찹쌀밥,미더덕어묵탕,두부구이/양념장,오이생채,트윙클케익,양념(주간),돈육훈제숙주볶음,,,2
흑미밥,장어국/소면,돼지갈비김치찜,맛살계란찜,백김치,하우스귤,고춧잎나물,,,3
옥수수밥,가쓰오장국,브로콜리마요네즈무침,오징어삼겹살볶음,새우튀김 치킨볼/칠리소스,총각김치,,,,3
충무김밥,누룽지탕,갓김치,하우스귤,미니새우버거,,,,,1
감자고르케(크림소스),배추겉절이,물국수,(찹쌀밥),호상요구르트(슈퍼),아삭고추된장무침,,,,4
현미밥,닭계장,마늘,양송이구이,배추김치,삼치포강정,바게트불고기피자,,,2
찹쌀밥,가마보꼬조림,김(개별포장),배추김치,삼색수제비국,우리사과파이,,,,3
보리밥,돼지국밥/다데기,순대소시지볶음,골뱅이소면무침,총각김치,다시마쌈,,,,3
날치알김치볶음밥,무채들깨국,배추겉절이,블루베리샐러드,플리또,포테이토미트번,,,,4
찹쌀밥,조랭이떡국,참나물무침,배추김치,블루베리머핀,소시지바(케찹),,,,3
속청콩밥,두부탕국,감자베이컨오븐구이,배추김치,새송이버섯구이/양념장,순살치킨양파크림소스,,,,2
보리밥,쇠고기국밥,치킨탕수육,총각김치,에이스(요구르트),오이,풋고추/쌈장,감자채카레볶음,,1
찹쌀밥,경단미역국,별모양미니스테이크,배추김치,돌김자반,미니치즈케익,,,,2
보리밥,북어국,상추,아삭고추,흑초소스오리불고기,도토리묵김치무침,오색깨송편,백김치,,2
찹쌀밥,삼색수제비국,돈육김치볶음,두부전(케찹),쿠키번,김(개별포장),,,,3
속청콩밥,두부구이/양념장,배추김치,갈비레이 튀닭,근대된장국-소,오이생채,,,,2
수수밥,케이준감자프라이,콩나물무채국,훈제오리김치볶음,치즈등심돈까스(어린잎샐러드),매실생깻잎양념무침,,,,3
찹쌀밥,만두육개장,취나물무침,배추김치,우리밀우유만주,바삭한돈강정,,,,3
(찹쌀밥),우동,오징어튀김/머스타드소스,깍두기,아이스홍시,슬림슬라이스단무지,,,,2
속청콩밥,치즈얹은 함박스테이크,총각김치,상추부추겉절이,짬뽕국물 밀떡볶이,삼치포강정,,,,3
김가루멸치주먹밥,햄구이,백김치,시리얼+우유,미니치즈케익,,,,,1
다짐비비닭,갈비군만두,깍두기,플리또,콩나물아욱국,오이,풋고추/쌈장,,,1
찹쌀밥,쇠고기국,연두부/양념장,햄구이,배추김치,양념(주간),트윙클케익,,,2
흑미밥,파채무침,삼겹살통마늘구이,연두부된장찌개,해산물해초무침,찰보리식혜,배추김치,,,2
수수밥,쏘야라면볶음,배추김치,콩나물무침(매콤),돈육훈제감자구이,가쓰오장국,,,,1
